-- ================================================================
-- QUẢN LÝ BÁN HÀNG NHÀ THUỐC PHARMACY
-- ================================================================
-- Nguyễn Anh Thư - 2321004093

-- ================================================================
-- 1. TẠO DATABASE
-- ================================================================
IF NOT EXISTS (SELECT name FROM sys.databases WHERE name = N'QLNhaThuocPharmacy')
BEGIN
    CREATE DATABASE QLNhaThuocPharmacy
END
GO
USE QLNhaThuocPharmacy
GO

-- ================================================================
-- 2. XÓA TRIGGER CŨ NẾU TỒN TẠI
-- ================================================================
IF OBJECT_ID('TR_KhoaTaiKhoan',         'TR') IS NOT NULL DROP TRIGGER TR_KhoaTaiKhoan
IF OBJECT_ID('TR_HanSDKhiNhap',         'TR') IS NOT NULL DROP TRIGGER TR_HanSDKhiNhap
IF OBJECT_ID('TR_GiaBanGiaVon',         'TR') IS NOT NULL DROP TRIGGER TR_GiaBanGiaVon
IF OBJECT_ID('TR_TonKhoSauPhieuNhap',   'TR') IS NOT NULL DROP TRIGGER TR_TonKhoSauPhieuNhap
IF OBJECT_ID('TR_TonKhoSauPhieuXuat',   'TR') IS NOT NULL DROP TRIGGER TR_TonKhoSauPhieuXuat
IF OBJECT_ID('TR_FEFO_ChonLo',          'TR') IS NOT NULL DROP TRIGGER TR_FEFO_ChonLo
IF OBJECT_ID('TR_KeDon_BatBuoc',        'TR') IS NOT NULL DROP TRIGGER TR_KeDon_BatBuoc
IF OBJECT_ID('TR_DoiTra24H',            'TR') IS NOT NULL DROP TRIGGER TR_DoiTra24H
IF OBJECT_ID('TR_DatTruocKhiHetHang',   'TR') IS NOT NULL DROP TRIGGER TR_DatTruocKhiHetHang
IF OBJECT_ID('TR_TrangThaiDonMotChieu', 'TR') IS NOT NULL DROP TRIGGER TR_TrangThaiDonMotChieu
IF OBJECT_ID('TR_CongNoCanhBao',        'TR') IS NOT NULL DROP TRIGGER TR_CongNoCanhBao
IF OBJECT_ID('TR_DiemTichLuy',          'TR') IS NOT NULL DROP TRIGGER TR_DiemTichLuy
IF OBJECT_ID('TR_HoanDiem',             'TR') IS NOT NULL DROP TRIGGER TR_HoanDiem         
IF OBJECT_ID('TR_HanSDGioHang',         'TR') IS NOT NULL DROP TRIGGER TR_HanSDGioHang
IF OBJECT_ID('TR_KhongDoiThuocKeDon',   'TR') IS NOT NULL DROP TRIGGER TR_KhongDoiThuocKeDon 
IF OBJECT_ID('TR_GioHangKiemTon',       'TR') IS NOT NULL DROP TRIGGER TR_GioHangKiemTon    
GO

-- ================================================================
-- 3. XÓA BẢNG CŨ NẾU TỒN TẠI (thứ tự ngược quan hệ)
-- ================================================================
IF OBJECT_ID('CHITIETDATTRUOC',    'U') IS NOT NULL DROP TABLE CHITIETDATTRUOC
IF OBJECT_ID('PHIEUDATTRUOC',      'U') IS NOT NULL DROP TABLE PHIEUDATTRUOC
IF OBJECT_ID('CHITIETDOITRA',      'U') IS NOT NULL DROP TABLE CHITIETDOITRA
IF OBJECT_ID('PHIEUDOITRA',        'U') IS NOT NULL DROP TABLE PHIEUDOITRA
IF OBJECT_ID('CHITIETKIEMKE',      'U') IS NOT NULL DROP TABLE CHITIETKIEMKE
IF OBJECT_ID('PHIEUKIEMKE',        'U') IS NOT NULL DROP TABLE PHIEUKIEMKE
IF OBJECT_ID('CHITIETXUAT',        'U') IS NOT NULL DROP TABLE CHITIETXUAT
IF OBJECT_ID('PHIEUXUAT',          'U') IS NOT NULL DROP TABLE PHIEUXUAT
IF OBJECT_ID('CHITIETNHAP',        'U') IS NOT NULL DROP TABLE CHITIETNHAP
IF OBJECT_ID('PHIEUNHAP',          'U') IS NOT NULL DROP TABLE PHIEUNHAP
IF OBJECT_ID('CHITIETDONTHUOC',    'U') IS NOT NULL DROP TABLE CHITIETDONTHUOC
IF OBJECT_ID('DONTHUOC',           'U') IS NOT NULL DROP TABLE DONTHUOC
IF OBJECT_ID('SUDUNGKM',           'U') IS NOT NULL DROP TABLE SUDUNGKM
IF OBJECT_ID('KHUYENMAI',          'U') IS NOT NULL DROP TABLE KHUYENMAI
IF OBJECT_ID('PHIEUGIAOHANG',      'U') IS NOT NULL DROP TABLE PHIEUGIAOHANG
IF OBJECT_ID('PHIEUTHANTOAN',      'U') IS NOT NULL DROP TABLE PHIEUTHANTOAN
IF OBJECT_ID('CHITIETDONHANG',     'U') IS NOT NULL DROP TABLE CHITIETDONHANG
IF OBJECT_ID('DONHANG',            'U') IS NOT NULL DROP TABLE DONHANG
IF OBJECT_ID('CHITIETGIOHANG',     'U') IS NOT NULL DROP TABLE CHITIETGIOHANG
IF OBJECT_ID('GIOHANG',            'U') IS NOT NULL DROP TABLE GIOHANG
IF OBJECT_ID('CHITIETHOADON',      'U') IS NOT NULL DROP TABLE CHITIETHOADON
IF OBJECT_ID('HOADON',             'U') IS NOT NULL DROP TABLE HOADON
IF OBJECT_ID('THETHANHVIEN',       'U') IS NOT NULL DROP TABLE THETHANHVIEN
IF OBJECT_ID('KHACHHANGTHANHVIEN', 'U') IS NOT NULL DROP TABLE KHACHHANGTHANHVIEN
IF OBJECT_ID('KHACHHANGVANGLAI',   'U') IS NOT NULL DROP TABLE KHACHHANGVANGLAI
IF OBJECT_ID('KHACHHANGSI',        'U') IS NOT NULL DROP TABLE KHACHHANGSI
IF OBJECT_ID('KHACHHANG',          'U') IS NOT NULL DROP TABLE KHACHHANG
IF OBJECT_ID('TAIKHOAN',           'U') IS NOT NULL DROP TABLE TAIKHOAN
IF OBJECT_ID('NHANVIEN',           'U') IS NOT NULL DROP TABLE NHANVIEN
IF OBJECT_ID('LOHANG',             'U') IS NOT NULL DROP TABLE LOHANG
IF OBJECT_ID('THUOC',              'U') IS NOT NULL DROP TABLE THUOC
IF OBJECT_ID('DANHMUC',            'U') IS NOT NULL DROP TABLE DANHMUC
IF OBJECT_ID('NHACUNGCAP',         'U') IS NOT NULL DROP TABLE NHACUNGCAP
IF OBJECT_ID('CHINHANH',           'U') IS NOT NULL DROP TABLE CHINHANH
GO

-- ================================================================
-- 4. TẠO BẢNG
-- ================================================================

-- ── CHINHANH ──────────────────────────────────────────────────────
CREATE TABLE CHINHANH (
    MACN        VARCHAR(10)   CONSTRAINT PK_CHINHANH PRIMARY KEY,
    TENCN       NVARCHAR(100) NOT NULL,
    DIACHI      NVARCHAR(200) NOT NULL,
    SDT         VARCHAR(15)   NOT NULL  CONSTRAINT UQ_CN_SDT   UNIQUE,
    EMAIL       VARCHAR(100)  NULL      CONSTRAINT CHK_CN_EMAIL CHECK (EMAIL LIKE '%@%' OR EMAIL IS NULL),
    MASOTHUE    VARCHAR(20)   NULL,
    TRANGTHAI   NVARCHAR(20)  NOT NULL  DEFAULT N'HoatDong'
                CONSTRAINT CHK_CN_TT CHECK (TRANGTHAI IN (N'HoatDong', N'TamNgung'))
)
GO

-- ── DANHMUC ───────────────────────────────────────────────────────
CREATE TABLE DANHMUC (
    MADANHMUC   VARCHAR(10)   CONSTRAINT PK_DANHMUC PRIMARY KEY,
    TENDANHMUC  NVARCHAR(100) NOT NULL  CONSTRAINT UQ_DM_TEN UNIQUE,
    MOTA        NVARCHAR(200) NULL
)
GO

-- ── NHACUNGCAP ────────────────────────────────────────────────────
CREATE TABLE NHACUNGCAP (
    MANCC       VARCHAR(10)   CONSTRAINT PK_NCC PRIMARY KEY,
    TENNCC      NVARCHAR(100) NOT NULL,
    MST         VARCHAR(20)   NOT NULL  CONSTRAINT UQ_NCC_MST  UNIQUE,
    DIACHI      NVARCHAR(200) NOT NULL,
    SDT         VARCHAR(15)   NOT NULL,
    EMAIL       VARCHAR(100)  NULL      CONSTRAINT CHK_NCC_EMAIL CHECK (EMAIL LIKE '%@%' OR EMAIL IS NULL),
    TRANGTHAI   NVARCHAR(20)  NOT NULL  DEFAULT N'HoatDong'
                CONSTRAINT CHK_NCC_TT CHECK (TRANGTHAI IN (N'HoatDong', N'NgungHD'))
)
GO

-- ── THUOC ─────────────────────────────────────────────────────────
CREATE TABLE THUOC (
    MATHUOC     VARCHAR(10)   CONSTRAINT PK_THUOC PRIMARY KEY,
    TENTHUOC    NVARCHAR(100) NOT NULL,
    HOATCHAT    NVARCHAR(100) NOT NULL,
    DANGBAOCHE  NVARCHAR(50)  NOT NULL,
    QUYCACH     NVARCHAR(50)  NULL,
    ISKEDON     BIT           NOT NULL  DEFAULT 0,
    GIABANLRE   FLOAT         NOT NULL  CONSTRAINT CHK_THUOC_GIA CHECK (GIABANLRE > 0),
    MADANHMUC   VARCHAR(10)   NULL      CONSTRAINT FK_THUOC_DM  FOREIGN KEY REFERENCES DANHMUC(MADANHMUC)
)
GO

-- ── LOHANG ────────────────────────────────────────────────────────
CREATE TABLE LOHANG (
    MALO        VARCHAR(15)   CONSTRAINT PK_LOHANG PRIMARY KEY,
    MATHUOC     VARCHAR(10)   NOT NULL  CONSTRAINT FK_LH_THUOC  FOREIGN KEY REFERENCES THUOC(MATHUOC),
    MACN        VARCHAR(10)   NOT NULL  CONSTRAINT FK_LH_CN     FOREIGN KEY REFERENCES CHINHANH(MACN),
    SOLO        VARCHAR(20)   NOT NULL,
    NGAYSX      DATE          NOT NULL,
    HANSD       DATE          NOT NULL,
    SOLUONGTON  INT           NOT NULL  DEFAULT 0 CONSTRAINT CHK_LH_SL CHECK (SOLUONGTON >= 0),
    GIANHAP     FLOAT         NOT NULL  CONSTRAINT CHK_LH_GIA   CHECK (GIANHAP > 0),
    VITRIKHO    NVARCHAR(50)  NULL,
    TRANGTHAI   NVARCHAR(20)  NOT NULL  DEFAULT N'HoatDong'
                CONSTRAINT CHK_LH_TT CHECK (TRANGTHAI IN (N'HoatDong', N'HetHan', N'Reserved'))
)
GO

-- ── NHANVIEN ──────────────────────────────────────────────────────
CREATE TABLE NHANVIEN (
    MANV        VARCHAR(10)   CONSTRAINT PK_NHANVIEN PRIMARY KEY,
    TENNV       NVARCHAR(100) NOT NULL,
    CHUCVU      NVARCHAR(30)  NOT NULL
                CONSTRAINT CHK_NV_CV CHECK (CHUCVU IN (N'DuocSi', N'NhanVienKho', N'NhanVienGiaoHang', N'QuanLy')),
    MACN        VARCHAR(10)   NOT NULL  CONSTRAINT FK_NV_CN     FOREIGN KEY REFERENCES CHINHANH(MACN),
    SDT         VARCHAR(15)   NOT NULL  CONSTRAINT UQ_NV_SDT    UNIQUE,
    EMAIL       VARCHAR(100)  NULL      CONSTRAINT UQ_NV_EMAIL  UNIQUE,
    NGAYVAOLAM  DATE          NOT NULL  DEFAULT GETDATE()
)
GO

-- ── TAIKHOAN ──────────────────────────────────────────────────────
CREATE TABLE TAIKHOAN (
    MATK            VARCHAR(10)  CONSTRAINT PK_TAIKHOAN PRIMARY KEY,
    TENDANGNHAP     VARCHAR(50)  NOT NULL  CONSTRAINT UQ_TK_TDN   UNIQUE,
    MATKHAU         VARCHAR(255) NOT NULL,
    VAITRO          NVARCHAR(30) NOT NULL
                    CONSTRAINT CHK_TK_VAITRO CHECK (VAITRO IN (N'DuocSi', N'NhanVienKho', N'NhanVienGiaoHang', N'QuanLy')),
    CAPDOQUYEN      INT          NOT NULL  DEFAULT 1 CONSTRAINT CHK_TK_CDQ  CHECK (CAPDOQUYEN BETWEEN 1 AND 4),
    TRANGTHAI       NVARCHAR(20) NOT NULL  DEFAULT N'HoatDong'
                    CONSTRAINT CHK_TK_TT CHECK (TRANGTHAI IN (N'HoatDong', N'BiKhoa', N'NgungHD')),
    NGAYTAO         DATETIME     NOT NULL  DEFAULT GETDATE(),
    SOLANSIMATKHAU  INT          NOT NULL  DEFAULT 0 CONSTRAINT CHK_TK_SLSAI CHECK (SOLANSIMATKHAU >= 0),
    MANV            VARCHAR(10)  NOT NULL  CONSTRAINT FK_TK_NV    FOREIGN KEY REFERENCES NHANVIEN(MANV)
                    CONSTRAINT UQ_TK_NV UNIQUE
)
GO

-- ── KHACHHANG ─────────────────────────────────────────────────────
CREATE TABLE KHACHHANG (
    MAKH        VARCHAR(10)   CONSTRAINT PK_KH PRIMARY KEY,
    HOTEN       NVARCHAR(100) NOT NULL,
    SDT         VARCHAR(15)   NOT NULL  CONSTRAINT UQ_KH_SDT    UNIQUE,
    DIACHI      NVARCHAR(200) NULL,
    NGAYSINH    DATE          NULL,
    LOAIKH      NVARCHAR(20)  NOT NULL  DEFAULT N'VangLai'
                CONSTRAINT CHK_KH_LOAI CHECK (LOAIKH IN (N'VangLai', N'ThanhVien', N'Si'))
)
GO

-- ── KHACHHANGVANGLAI ──────────────────────────────────────────────
CREATE TABLE KHACHHANGVANGLAI (
    MAKH          VARCHAR(10)   CONSTRAINT PK_KHVL PRIMARY KEY
                  CONSTRAINT FK_KHVL_KH FOREIGN KEY REFERENCES KHACHHANG(MAKH),
    TENNGUOINHAN  NVARCHAR(100) NOT NULL,
    SDTDAT        VARCHAR(15)   NOT NULL,
    GIOHANGID     VARCHAR(100)  NULL
)
GO

-- ── KHACHHANGTHANHVIEN ────────────────────────────────────────────
CREATE TABLE KHACHHANGTHANHVIEN (
    MAKH          VARCHAR(10)  CONSTRAINT PK_KHTV PRIMARY KEY
                  CONSTRAINT FK_KHTV_KH FOREIGN KEY REFERENCES KHACHHANG(MAKH),
    EMAIL         VARCHAR(100) NOT NULL  CONSTRAINT UQ_KHTV_EMAIL UNIQUE,
    TENDANGNHAP   VARCHAR(50)  NOT NULL  CONSTRAINT UQ_KHTV_TDN   UNIQUE,
    MATKHAU       VARCHAR(255) NOT NULL,
    DIEMTICHLUY   INT          NOT NULL  DEFAULT 0 CONSTRAINT CHK_KHTV_DIEM CHECK (DIEMTICHLUY >= 0),
    NGAYDK        DATE         NOT NULL  DEFAULT GETDATE(),
    TRANGTHAI     NVARCHAR(20) NOT NULL  DEFAULT N'HoatDong'
                  CONSTRAINT CHK_KHTV_TT CHECK (TRANGTHAI IN (N'HoatDong', N'BiKhoa'))
)
GO

-- ── THETHANHVIEN ──────────────────────────────────────────────────
CREATE TABLE THETHANHVIEN (
    MATHE   VARCHAR(15)  CONSTRAINT PK_THE PRIMARY KEY,
    MAKH    VARCHAR(10)  NOT NULL  CONSTRAINT FK_THE_KH FOREIGN KEY REFERENCES KHACHHANGTHANHVIEN(MAKH)
            CONSTRAINT UQ_THE_KH UNIQUE,
    NGAYCAP DATE         NOT NULL  DEFAULT GETDATE(),
    HANGTV  NVARCHAR(20) NOT NULL  DEFAULT N'Dong'
            CONSTRAINT CHK_THE_HANG CHECK (HANGTV IN (N'Dong', N'Bac', N'Vang'))
)
GO

-- ── KHACHHANGSI ───────────────────────────────────────────────────
CREATE TABLE KHACHHANGSI (
    MAKH              VARCHAR(10)   CONSTRAINT PK_KHSI PRIMARY KEY
                      CONSTRAINT FK_KHSI_KH FOREIGN KEY REFERENCES KHACHHANG(MAKH),
    TENCONGTY         NVARCHAR(100) NOT NULL,
    MST               VARCHAR(20)   NOT NULL  CONSTRAINT UQ_KHSI_MST   UNIQUE,
    TENDANGNHAP       VARCHAR(50)   NOT NULL  CONSTRAINT UQ_KHSI_TDN   UNIQUE,
    MATKHAU           VARCHAR(255)  NOT NULL,
    SOLANSIMATKHAU    INT           NOT NULL  DEFAULT 0
                      CONSTRAINT CHK_KHSI_SLSAI CHECK (SOLANSIMATKHAU >= 0),
    HANMUCCONGNO      FLOAT         NOT NULL  CONSTRAINT CHK_KHSI_HANMUC CHECK (HANMUCCONGNO > 0),
    CONGNOHT          FLOAT         NOT NULL  DEFAULT 0  CONSTRAINT CHK_KHSI_CONGNO CHECK (CONGNOHT >= 0),
    THOIHANTHANHTOAN  INT           NOT NULL  DEFAULT 30 CONSTRAINT CHK_KHSI_THOIHAN CHECK (THOIHANTHANHTOAN > 0),
    TYLECHIETKHAU     FLOAT         NOT NULL  DEFAULT 0  CONSTRAINT CHK_KHSI_TYLE CHECK (TYLECHIETKHAU BETWEEN 0 AND 1),
    TRANGTHAID        NVARCHAR(20)  NOT NULL  DEFAULT N'HieuLuc'
                      CONSTRAINT CHK_KHSI_TT CHECK (TRANGTHAID IN (N'HieuLuc', N'HetHan', N'TamNgung')),
    NGAYKYHD          DATE          NOT NULL,
    NGAYHETHAN        DATE          NOT NULL,
    CONSTRAINT CHK_KHSI_NGAY CHECK (NGAYHETHAN > NGAYKYHD)
)
GO

-- ── GIOHANG ───────────────────────────────────────────────────────
CREATE TABLE GIOHANG (
    MAGIOHANG   VARCHAR(15)  CONSTRAINT PK_GIOHANG PRIMARY KEY,
    SESSIONID   VARCHAR(100) NULL,
    MAKH        VARCHAR(10)  NULL  CONSTRAINT FK_GH_KH FOREIGN KEY REFERENCES KHACHHANG(MAKH),
    NGAYTAO     DATETIME     NOT NULL DEFAULT GETDATE(),
    NGAYHETHAN  DATETIME     NOT NULL,
    TONGTIENTAM FLOAT        NOT NULL DEFAULT 0 CONSTRAINT CHK_GH_TIEN CHECK (TONGTIENTAM >= 0)
)
GO

-- ── CHITIETGIOHANG ────────────────────────────────────────────────
CREATE TABLE CHITIETGIOHANG (
    MAGIOHANG    VARCHAR(15) NOT NULL  CONSTRAINT FK_CTGH_GH    FOREIGN KEY REFERENCES GIOHANG(MAGIOHANG),
    MATHUOC      VARCHAR(10) NOT NULL  CONSTRAINT FK_CTGH_THUOC FOREIGN KEY REFERENCES THUOC(MATHUOC),
    SOLUONGCHON  INT         NOT NULL  CONSTRAINT CHK_CTGH_SL   CHECK (SOLUONGCHON > 0),
    DONGIA       FLOAT       NOT NULL  CONSTRAINT CHK_CTGH_GIA  CHECK (DONGIA > 0),
    CONSTRAINT PK_CTGH PRIMARY KEY (MAGIOHANG, MATHUOC)
)
GO

-- ── HOADON ────────────────────────────────────────────────────────
CREATE TABLE HOADON (
    MAHD        VARCHAR(15)  CONSTRAINT PK_HOADON PRIMARY KEY,
    NGAYLAP     DATETIME     NOT NULL  DEFAULT GETDATE(),
    TONGTIEN    FLOAT        NOT NULL  DEFAULT 0  CONSTRAINT CHK_HD_TIEN CHECK (TONGTIEN >= 0),
    LOAIHD      NVARCHAR(20) NOT NULL  DEFAULT N'Le'
                CONSTRAINT CHK_HD_LOAI CHECK (LOAIHD IN (N'Le', N'Si', N'Online')),
    TRANGTHAID  NVARCHAR(20) NOT NULL  DEFAULT N'DaThanhToan'
                CONSTRAINT CHK_HD_TT CHECK (TRANGTHAID IN (N'DaThanhToan', N'ChuaTT', N'Huy')),
    MAKH        VARCHAR(10)  NULL      CONSTRAINT FK_HD_KH FOREIGN KEY REFERENCES KHACHHANG(MAKH),
    MANV        VARCHAR(10)  NOT NULL  CONSTRAINT FK_HD_NV FOREIGN KEY REFERENCES NHANVIEN(MANV),
    MACN        VARCHAR(10)  NOT NULL  CONSTRAINT FK_HD_CN FOREIGN KEY REFERENCES CHINHANH(MACN)
)
GO

-- ── DONTHUOC ──────────────────────────────────────────────────────
CREATE TABLE DONTHUOC (
    MADONTHUOC  VARCHAR(15)   CONSTRAINT PK_DONTHUOC PRIMARY KEY,
    NGAYKE      DATE          NOT NULL,
    TENBACSSI   NVARCHAR(100) NOT NULL,
    SOCCHN      VARCHAR(20)   NOT NULL,
    ANHDON      VARCHAR(255)  NOT NULL,
    NGAYHETHAN  DATE          NOT NULL,
    MAHD        VARCHAR(15)   NOT NULL  CONSTRAINT FK_DT_HD FOREIGN KEY REFERENCES HOADON(MAHD),
    CONSTRAINT CHK_DT_HAN CHECK (NGAYHETHAN = DATEADD(DAY, 5, NGAYKE))
)
GO

-- ── CHITIETDONTHUOC ───────────────────────────────────────────────
CREATE TABLE CHITIETDONTHUOC (
    MADONTHUOC  VARCHAR(15) NOT NULL  CONSTRAINT FK_CTDT_DT    FOREIGN KEY REFERENCES DONTHUOC(MADONTHUOC),
    MATHUOC     VARCHAR(10) NOT NULL  CONSTRAINT FK_CTDT_THUOC FOREIGN KEY REFERENCES THUOC(MATHUOC),
    LIEUDUNG    NVARCHAR(100) NULL,
    CACHDUNG    NVARCHAR(200) NULL,
    SOLUONGKE   INT         NOT NULL  CONSTRAINT CHK_CTDT_SL CHECK (SOLUONGKE > 0),
    GHICHU      NVARCHAR(200) NULL,
    CONSTRAINT PK_CTDT PRIMARY KEY (MADONTHUOC, MATHUOC)
)
GO

-- ── CHITIETHOADON ─────────────────────────────────────────────────
CREATE TABLE CHITIETHOADON (
    MAHD        VARCHAR(15) NOT NULL  CONSTRAINT FK_CTHD_HD    FOREIGN KEY REFERENCES HOADON(MAHD),
    MALO        VARCHAR(15) NOT NULL  CONSTRAINT FK_CTHD_LO    FOREIGN KEY REFERENCES LOHANG(MALO),
    SOLUONG     INT         NOT NULL  CONSTRAINT CHK_CTHD_SL   CHECK (SOLUONG > 0),
    DONGIABAN   FLOAT       NOT NULL  CONSTRAINT CHK_CTHD_GIA  CHECK (DONGIABAN > 0),
    GIAMGIAITEM FLOAT       NOT NULL  DEFAULT 0 CONSTRAINT CHK_CTHD_GM CHECK (GIAMGIAITEM >= 0),
    THANHTIEN   AS (SOLUONG * DONGIABAN - GIAMGIAITEM) PERSISTED,
    CACHDUNG    NVARCHAR(200) NULL,
    CONSTRAINT PK_CTHD PRIMARY KEY (MAHD, MALO)
)
GO

-- ── DONHANG ───────────────────────────────────────────────────────
CREATE TABLE DONHANG (
    MADON           VARCHAR(15)   CONSTRAINT PK_DONHANG PRIMARY KEY,
    NGAYDAT         DATETIME      NOT NULL  DEFAULT GETDATE(),
    TRANGTHAIDON    NVARCHAR(30)  NOT NULL  DEFAULT N'ChoXacNhan'
                    CONSTRAINT CHK_DH_TT CHECK (TRANGTHAIDON IN (
                        N'ChoXacNhan', N'DangChuanBi', N'ChoGiao', N'DangGiao',
                        N'HoanThanh', N'DaHuy', N'ChoTT')),
    DIACHIGIAO      NVARCHAR(200) NULL,
    PHUONGTHUCGIAO  NVARCHAR(30)  NOT NULL  DEFAULT N'GiaoTanNoi'
                    CONSTRAINT CHK_DH_PTG CHECK (PHUONGTHUCGIAO IN (N'GiaoTanNoi', N'NhanTaiCN')),
    PHUONGTHUCTT    NVARCHAR(30)  NOT NULL  DEFAULT N'COD'
                    CONSTRAINT CHK_DH_PTTT CHECK (PHUONGTHUCTT IN (N'COD', N'Online', N'ChuyenKhoan')),
    TONGTIEN        FLOAT         NOT NULL  DEFAULT 0,
    MAKH            VARCHAR(10)   NULL      CONSTRAINT FK_DH_KH FOREIGN KEY REFERENCES KHACHHANG(MAKH),
    MACN            VARCHAR(10)   NOT NULL  CONSTRAINT FK_DH_CN FOREIGN KEY REFERENCES CHINHANH(MACN)
)
GO

-- ── CHITIETDONHANG ────────────────────────────────────────────────
CREATE TABLE CHITIETDONHANG (
    MADON       VARCHAR(15) NOT NULL  CONSTRAINT FK_CTDH_DH    FOREIGN KEY REFERENCES DONHANG(MADON),
    MATHUOC     VARCHAR(10) NOT NULL  CONSTRAINT FK_CTDH_THUOC FOREIGN KEY REFERENCES THUOC(MATHUOC),
    SOLUONGDAT  INT         NOT NULL  CONSTRAINT CHK_CTDH_SL   CHECK (SOLUONGDAT > 0),
    DONGIACHOT  FLOAT       NOT NULL  CONSTRAINT CHK_CTDH_GIA  CHECK (DONGIACHOT > 0),
    THANHTIEN   AS (SOLUONGDAT * DONGIACHOT) PERSISTED,
    CONSTRAINT PK_CTDH PRIMARY KEY (MADON, MATHUOC)
)
GO

-- ── PHIEUGIAOHANG ─────────────────────────────────────────────────
CREATE TABLE PHIEUGIAOHANG (
    MAVANDON    VARCHAR(15)   CONSTRAINT PK_PGH PRIMARY KEY,
    NGAYGIAO    DATETIME      NOT NULL  DEFAULT GETDATE(),
    PHISHIP     FLOAT         NULL      DEFAULT 0 CONSTRAINT CHK_PGH_PHI CHECK (PHISHIP >= 0),
    TRANGTHAI   NVARCHAR(30)  NOT NULL  DEFAULT N'ChuaNhan'
                CONSTRAINT CHK_PGH_TT CHECK (TRANGTHAI IN (N'ChuaNhan', N'DangGiao', N'DaGiao', N'ThatBai')),
    DIACHINHA   NVARCHAR(200) NOT NULL,
    GPSLOCATION VARCHAR(50)   NULL,
    LYDOTHATBAI NVARCHAR(200) NULL,
    MADON       VARCHAR(15)   NOT NULL  CONSTRAINT FK_PGH_DH FOREIGN KEY REFERENCES DONHANG(MADON),
    MANV        VARCHAR(10)   NOT NULL  CONSTRAINT FK_PGH_NV FOREIGN KEY REFERENCES NHANVIEN(MANV)
)
GO

-- ── PHIEUTHANTOAN ─────────────────────────────────────────────────
CREATE TABLE PHIEUTHANTOAN (
    MAGIAODICH       VARCHAR(15)  CONSTRAINT PK_PTT PRIMARY KEY,
    SOTIENTHANHTOAN  FLOAT        NOT NULL  CONSTRAINT CHK_PTT_TIEN CHECK (SOTIENTHANHTOAN > 0),
    NGAYTHANHTOAN    DATETIME     NOT NULL  DEFAULT GETDATE(),
    PHUONGTHUC       NVARCHAR(30) NOT NULL
                     CONSTRAINT CHK_PTT_PT CHECK (PHUONGTHUC IN (N'TienMat', N'ChuyenKhoan', N'The', N'Vi', N'COD')),
    TRANGTHAI        NVARCHAR(20) NOT NULL  DEFAULT N'ThanhCong'
                     CONSTRAINT CHK_PTT_TT CHECK (TRANGTHAI IN (N'ThanhCong', N'ThatBai', N'ChoXuLy')),
    MAHD             VARCHAR(15)  NULL      CONSTRAINT FK_PTT_HD FOREIGN KEY REFERENCES HOADON(MAHD),
    MADON            VARCHAR(15)  NULL      CONSTRAINT FK_PTT_DH FOREIGN KEY REFERENCES DONHANG(MADON)
)
GO

-- ── KHUYENMAI ─────────────────────────────────────────────────────
CREATE TABLE KHUYENMAI (
    MAKM           VARCHAR(10)   CONSTRAINT PK_KM PRIMARY KEY,
    TENKM          NVARCHAR(100) NOT NULL,
    NGAYBATDAU     DATE          NOT NULL,
    NGAYKETTHUC    DATE          NOT NULL,
    LOAIKM         NVARCHAR(30)  NOT NULL
                   CONSTRAINT CHK_KM_LOAI CHECK (LOAIKM IN (N'GiamTheoTien', N'GiamTheoSP', N'TichDiem')),
    GIATRIGIAMGIAI FLOAT         NOT NULL  CONSTRAINT CHK_KM_GT  CHECK (GIATRIGIAMGIAI > 0),
    DIEUKIEN       NVARCHAR(200) NULL,
    PHAMVI         NVARCHAR(20)  NOT NULL  DEFAULT N'ToanChuoi'
                   CONSTRAINT CHK_KM_PV CHECK (PHAMVI IN (N'ToanChuoi', N'ChiNhanh')),
    MACN           VARCHAR(10)   NULL      CONSTRAINT FK_KM_CN FOREIGN KEY REFERENCES CHINHANH(MACN),
    CONSTRAINT CHK_KM_NGAY CHECK (NGAYKETTHUC > NGAYBATDAU)
)
GO

-- ── SUDUNGKM ──────────────────────────────────────────────────────
CREATE TABLE SUDUNGKM (
    MAKM        VARCHAR(10)  NOT NULL  CONSTRAINT FK_SDKM_KM FOREIGN KEY REFERENCES KHUYENMAI(MAKM),
    MAHD        VARCHAR(15)  NOT NULL  CONSTRAINT FK_SDKM_HD FOREIGN KEY REFERENCES HOADON(MAHD),
    SOGIAMGIA   FLOAT        NOT NULL  DEFAULT 0 CONSTRAINT CHK_SDKM_GM CHECK (SOGIAMGIA >= 0),
    NGAYAPDUNG  DATETIME     NOT NULL  DEFAULT GETDATE(),
    CONSTRAINT PK_SDKM PRIMARY KEY (MAKM, MAHD)
)
GO

-- ── PHIEUNHAP ─────────────────────────────────────────────────────
CREATE TABLE PHIEUNHAP (
    MAPHIEUNHAP VARCHAR(15)  CONSTRAINT PK_PN PRIMARY KEY,
    NGAYNHAP    DATETIME     NOT NULL  DEFAULT GETDATE(),
    TONGTIEN    FLOAT        NOT NULL  DEFAULT 0 CONSTRAINT CHK_PN_TIEN CHECK (TONGTIEN >= 0),
    TRANGTHAI   NVARCHAR(20) NOT NULL  DEFAULT N'ChoDuyet'
                CONSTRAINT CHK_PN_TT CHECK (TRANGTHAI IN (N'ChoDuyet', N'DaDuyet', N'HoanThanh', N'TuChoi')),
    LOAINHAP    NVARCHAR(20) NOT NULL  DEFAULT N'NhapNCC'
                CONSTRAINT CHK_PN_LOAI CHECK (LOAINHAP IN (N'NhapNCC', N'DieuChuyenDen')),
    MACN_NGUON  VARCHAR(10)  NULL      CONSTRAINT FK_PN_CNNGUON FOREIGN KEY REFERENCES CHINHANH(MACN),
    MANV        VARCHAR(10)  NOT NULL  CONSTRAINT FK_PN_NV  FOREIGN KEY REFERENCES NHANVIEN(MANV),
    MANCC       VARCHAR(10)  NULL      CONSTRAINT FK_PN_NCC FOREIGN KEY REFERENCES NHACUNGCAP(MANCC),
    MACN        VARCHAR(10)  NOT NULL  CONSTRAINT FK_PN_CN  FOREIGN KEY REFERENCES CHINHANH(MACN)
)
GO

-- ── CHITIETNHAP ───────────────────────────────────────────────────
CREATE TABLE CHITIETNHAP (
    MAPHIEUNHAP VARCHAR(15) NOT NULL  CONSTRAINT FK_CTN_PN    FOREIGN KEY REFERENCES PHIEUNHAP(MAPHIEUNHAP),
    MATHUOC     VARCHAR(10) NOT NULL  CONSTRAINT FK_CTN_THUOC FOREIGN KEY REFERENCES THUOC(MATHUOC),
    SOLO        VARCHAR(20) NOT NULL,
    NGAYSX      DATE        NOT NULL,
    HANSD       DATE        NOT NULL,
    SOLUONGNHAP INT         NOT NULL  CONSTRAINT CHK_CTN_SL  CHECK (SOLUONGNHAP > 0),
    DONGIANHAP  FLOAT       NOT NULL  CONSTRAINT CHK_CTN_GIA CHECK (DONGIANHAP > 0),
    THANHTIEN   AS (SOLUONGNHAP * DONGIANHAP) PERSISTED,
    CONSTRAINT PK_CTN PRIMARY KEY (MAPHIEUNHAP, MATHUOC, SOLO)
)
GO

-- ── PHIEUXUAT ─────────────────────────────────────────────────────
CREATE TABLE PHIEUXUAT (
    MAPHIEUXUAT  VARCHAR(15)   CONSTRAINT PK_PX PRIMARY KEY,
    NGAYXUAT     DATETIME      NOT NULL  DEFAULT GETDATE(),
    LYDO         NVARCHAR(200) NOT NULL,
    TRANGTHAI    NVARCHAR(20)  NOT NULL  DEFAULT N'ChoDuyet'
                 CONSTRAINT CHK_PX_TT CHECK (TRANGTHAI IN (N'ChoDuyet', N'DaDuyet', N'HoanThanh')),
    LOAIOXUAT    NVARCHAR(20)  NOT NULL  DEFAULT N'BanHang'
                 CONSTRAINT CHK_PX_LOAI CHECK (LOAIOXUAT IN (N'BanHang', N'DieuChuyenDi', N'HangHong')),
    MACN_DICH    VARCHAR(10)   NULL      CONSTRAINT FK_PX_CNDICH FOREIGN KEY REFERENCES CHINHANH(MACN),
    TRANGTHAI_DC NVARCHAR(20)  NULL
                 CONSTRAINT CHK_PX_DC CHECK (TRANGTHAI_DC IN (N'ChoXacNhan', N'DaXacNhan') OR TRANGTHAI_DC IS NULL),
    MANV         VARCHAR(10)   NOT NULL  CONSTRAINT FK_PX_NV FOREIGN KEY REFERENCES NHANVIEN(MANV),
    MACN         VARCHAR(10)   NOT NULL  CONSTRAINT FK_PX_CN FOREIGN KEY REFERENCES CHINHANH(MACN)
)
GO

-- ── CHITIETXUAT ───────────────────────────────────────────────────
CREATE TABLE CHITIETXUAT (
    MAPHIEUXUAT    VARCHAR(15) NOT NULL  CONSTRAINT FK_CTX_PX FOREIGN KEY REFERENCES PHIEUXUAT(MAPHIEUXUAT),
    MALO           VARCHAR(15) NOT NULL  CONSTRAINT FK_CTX_LO FOREIGN KEY REFERENCES LOHANG(MALO),
    SOLUONGXUAT    INT         NOT NULL  CONSTRAINT CHK_CTX_SL CHECK (SOLUONGXUAT > 0),
    TINTRANGTHUOC  NVARCHAR(50) NULL,
    CONSTRAINT PK_CTX PRIMARY KEY (MAPHIEUXUAT, MALO)
)
GO

-- ── PHIEUKIEMKE ───────────────────────────────────────────────────
CREATE TABLE PHIEUKIEMKE (
    MAPHIEUKK   VARCHAR(15)  CONSTRAINT PK_PKK PRIMARY KEY,
    NGAYKIEMKE  DATETIME     NOT NULL  DEFAULT GETDATE(),
    TRANGTHAI   NVARCHAR(20) NOT NULL  DEFAULT N'DangKiemKe'
                CONSTRAINT CHK_PKK_TT CHECK (TRANGTHAI IN (N'DangKiemKe', N'ChoDuyet', N'HoanThanh')),
    MANV        VARCHAR(10)  NOT NULL  CONSTRAINT FK_PKK_NV FOREIGN KEY REFERENCES NHANVIEN(MANV),
    MACN        VARCHAR(10)  NOT NULL  CONSTRAINT FK_PKK_CN FOREIGN KEY REFERENCES CHINHANH(MACN)
)
GO

-- ── CHITIETKIEMKE ─────────────────────────────────────────────────
CREATE TABLE CHITIETKIEMKE (
    MAPHIEUKK   VARCHAR(15) NOT NULL  CONSTRAINT FK_CTKK_PKK FOREIGN KEY REFERENCES PHIEUKIEMKE(MAPHIEUKK),
    MALO        VARCHAR(15) NOT NULL  CONSTRAINT FK_CTKK_LO  FOREIGN KEY REFERENCES LOHANG(MALO),
    SOLUONGHT   INT         NOT NULL  DEFAULT 0 CONSTRAINT CHK_CTKK_HT CHECK (SOLUONGHT >= 0),
    SOLUONGTT   INT         NOT NULL  DEFAULT 0 CONSTRAINT CHK_CTKK_TT CHECK (SOLUONGTT >= 0),
    CHENHTECH   AS (SOLUONGTT - SOLUONGHT) PERSISTED,
    GHICHU      NVARCHAR(200) NULL,
    CONSTRAINT PK_CTKK PRIMARY KEY (MAPHIEUKK, MALO)
)
GO

-- ── PHIEUDOITRA ───────────────────────────────────────────────────
CREATE TABLE PHIEUDOITRA (
    MAPHIEUDOITRA VARCHAR(15)   CONSTRAINT PK_PDT PRIMARY KEY,
    NGAYTRA       DATETIME      NOT NULL  DEFAULT GETDATE(),
    LYDO          NVARCHAR(200) NOT NULL,
    TRANGTHAI     NVARCHAR(20)  NOT NULL  DEFAULT N'ChoXuLy'
                  CONSTRAINT CHK_PDT_TT CHECK (TRANGTHAI IN (N'ChoXuLy', N'DaXuLy', N'TuChoi')),
    MAHD          VARCHAR(15)   NOT NULL  CONSTRAINT FK_PDT_HD FOREIGN KEY REFERENCES HOADON(MAHD),
    MANV          VARCHAR(10)   NOT NULL  CONSTRAINT FK_PDT_NV FOREIGN KEY REFERENCES NHANVIEN(MANV)
)
GO

-- ── CHITIETDOITRA ─────────────────────────────────────────────────
CREATE TABLE CHITIETDOITRA (
    MAPHIEUDOITRA VARCHAR(15) NOT NULL  CONSTRAINT FK_CTDT2_PDT   FOREIGN KEY REFERENCES PHIEUDOITRA(MAPHIEUDOITRA),
    MATHUOC       VARCHAR(10) NOT NULL  CONSTRAINT FK_CTDT2_THUOC FOREIGN KEY REFERENCES THUOC(MATHUOC),
    SOLUONGTRA    INT         NOT NULL  CONSTRAINT CHK_CTDT2_SL   CHECK (SOLUONGTRA > 0),
    TINHTRANG     NVARCHAR(50) NOT NULL
                  CONSTRAINT CHK_CTDT2_TT CHECK (TINHTRANG IN (N'ConTot', N'Hu', N'ChuaMo')),
    SOTIENHOANN   FLOAT       NOT NULL  DEFAULT 0 CONSTRAINT CHK_CTDT2_TIEN CHECK (SOTIENHOANN >= 0),
    CONSTRAINT PK_CTDT2 PRIMARY KEY (MAPHIEUDOITRA, MATHUOC)
)
GO

-- ── PHIEUDATTRUOC ─────────────────────────────────────────────────
CREATE TABLE PHIEUDATTRUOC (
    MAPHIEUDT   VARCHAR(15)  CONSTRAINT PK_PDTruoc PRIMARY KEY,
    NGAYDAT     DATETIME     NOT NULL  DEFAULT GETDATE(),
    TRANGTHAI   NVARCHAR(20) NOT NULL  DEFAULT N'ChoDuyet'
                CONSTRAINT CHK_PDTruoc_TT CHECK (TRANGTHAI IN (N'ChoDuyet', N'DaThongBao', N'DaXacNhan', N'HetHan')),
    MAKH        VARCHAR(10)  NOT NULL  CONSTRAINT FK_PDTruoc_KH FOREIGN KEY REFERENCES KHACHHANG(MAKH),
    MACN        VARCHAR(10)  NOT NULL  CONSTRAINT FK_PDTruoc_CN FOREIGN KEY REFERENCES CHINHANH(MACN)
)
GO

-- ── CHITIETDATTRUOC ───────────────────────────────────────────────
CREATE TABLE CHITIETDATTRUOC (
    MAPHIEUDT   VARCHAR(15) NOT NULL  CONSTRAINT FK_CTDTruoc_PDTruoc FOREIGN KEY REFERENCES PHIEUDATTRUOC(MAPHIEUDT),
    MATHUOC     VARCHAR(10) NOT NULL  CONSTRAINT FK_CTDTruoc_THUOC   FOREIGN KEY REFERENCES THUOC(MATHUOC),
    SOLUONGDAT  INT         NOT NULL  CONSTRAINT CHK_CTDTruoc_SL     CHECK (SOLUONGDAT > 0),
    TRANGTHCT   NVARCHAR(30) NOT NULL DEFAULT N'ChoDuyet'
                CONSTRAINT CHK_CTDTruoc_TT CHECK (TRANGTHCT IN (N'ChoDuyet', N'DaThongBao', N'DaXacNhan')),
    CONSTRAINT PK_CTDTruoc PRIMARY KEY (MAPHIEUDT, MATHUOC)
)
GO

-- ================================================================
-- 5. TRIGGER
-- ================================================================

CREATE TRIGGER TR_KhoaTaiKhoan ON TAIKHOAN AFTER UPDATE AS
BEGIN
    SET NOCOUNT ON
    IF UPDATE(SOLANSIMATKHAU)
    BEGIN
        UPDATE TAIKHOAN SET TRANGTHAI = N'BiKhoa'
        WHERE MATK IN (SELECT MATK FROM INSERTED WHERE SOLANSIMATKHAU >= 5) AND TRANGTHAI = N'HoatDong'
    END
END
GO

CREATE TRIGGER TR_HanSDKhiNhap ON CHITIETNHAP AFTER INSERT, UPDATE AS
BEGIN
    SET NOCOUNT ON
    IF EXISTS (SELECT 1 FROM INSERTED i JOIN PHIEUNHAP pn ON pn.MAPHIEUNHAP = i.MAPHIEUNHAP WHERE i.HANSD < DATEADD(DAY, 90, CAST(pn.NGAYNHAP AS DATE)))
    BEGIN
        RAISERROR(N'[RB-TK02] Hạn sử dụng phải sau ngày nhập ít nhất 90 ngày.', 16, 1)
        ROLLBACK TRANSACTION
    END
END
GO

CREATE TRIGGER TR_GiaBanGiaVon ON CHITIETHOADON AFTER INSERT, UPDATE AS
BEGIN
    SET NOCOUNT ON
    IF EXISTS (SELECT 1 FROM INSERTED i JOIN LOHANG lh ON lh.MALO = i.MALO WHERE i.DONGIABAN < lh.GIANHAP)
    BEGIN
        RAISERROR(N'[RB-BH06] Giá bán không được thấp hơn giá nhập của lô hàng.', 16, 1)
        ROLLBACK TRANSACTION
    END
END
GO

CREATE TRIGGER TR_TonKhoSauPhieuNhap ON PHIEUNHAP AFTER UPDATE AS
BEGIN
    SET NOCOUNT ON
    IF UPDATE(TRANGTHAI)
    BEGIN
        IF EXISTS (SELECT 1 FROM INSERTED WHERE TRANGTHAI = N'HoanThanh')
        BEGIN
            UPDATE lh SET lh.SOLUONGTON = lh.SOLUONGTON + ctn.SOLUONGNHAP
            FROM LOHANG lh JOIN CHITIETNHAP ctn ON ctn.MATHUOC = lh.MATHUOC AND ctn.SOLO = lh.SOLO
            JOIN INSERTED i ON i.MAPHIEUNHAP = ctn.MAPHIEUNHAP AND i.TRANGTHAI = N'HoanThanh' WHERE lh.MACN = i.MACN

            INSERT INTO LOHANG (MALO, MATHUOC, MACN, SOLO, NGAYSX, HANSD, SOLUONGTON, GIANHAP)
            SELECT 'LO-' + LEFT(REPLACE(NEWID(), '-', ''), 12), ctn.MATHUOC, i.MACN, ctn.SOLO, ctn.NGAYSX, ctn.HANSD, ctn.SOLUONGNHAP, ctn.DONGIANHAP
            FROM CHITIETNHAP ctn JOIN INSERTED i ON i.MAPHIEUNHAP = ctn.MAPHIEUNHAP AND i.TRANGTHAI = N'HoanThanh'
            WHERE NOT EXISTS (SELECT 1 FROM LOHANG lh2 WHERE lh2.MATHUOC = ctn.MATHUOC AND lh2.SOLO = ctn.SOLO AND lh2.MACN = i.MACN)
        END
    END
END
GO

CREATE TRIGGER TR_TonKhoSauPhieuXuat ON PHIEUXUAT AFTER UPDATE AS
BEGIN
    SET NOCOUNT ON
    IF UPDATE(TRANGTHAI)
    BEGIN
        IF EXISTS (SELECT 1 FROM INSERTED WHERE TRANGTHAI = N'HoanThanh')
        BEGIN
            IF EXISTS (SELECT 1 FROM CHITIETXUAT ctx JOIN INSERTED i ON i.MAPHIEUXUAT = ctx.MAPHIEUXUAT AND i.TRANGTHAI = N'HoanThanh' JOIN LOHANG lh ON lh.MALO = ctx.MALO WHERE ctx.SOLUONGXUAT > lh.SOLUONGTON)
            BEGIN
                RAISERROR(N'[RB-TK09] Số lượng xuất vượt tồn kho thực tế của lô.', 16, 1)
                ROLLBACK TRANSACTION
                RETURN
            END
            UPDATE lh SET lh.SOLUONGTON = lh.SOLUONGTON - ctx.SOLUONGXUAT
            FROM LOHANG lh JOIN CHITIETXUAT ctx ON ctx.MALO = lh.MALO JOIN INSERTED i ON i.MAPHIEUXUAT = ctx.MAPHIEUXUAT AND i.TRANGTHAI = N'HoanThanh'
        END
    END
END
GO

CREATE TRIGGER TR_FEFO_ChonLo ON CHITIETXUAT AFTER INSERT AS
BEGIN
    SET NOCOUNT ON
    IF EXISTS (
        SELECT 1 FROM INSERTED ctx JOIN LOHANG lh_xuat ON lh_xuat.MALO = ctx.MALO JOIN PHIEUXUAT px ON px.MAPHIEUXUAT = ctx.MAPHIEUXUAT
        WHERE EXISTS (
            SELECT 1 FROM LOHANG lh_khac WHERE lh_khac.MATHUOC = lh_xuat.MATHUOC AND lh_khac.MACN = lh_xuat.MACN AND lh_khac.MALO <> lh_xuat.MALO
              AND lh_khac.SOLUONGTON > 0 AND lh_khac.HANSD < lh_xuat.HANSD AND lh_khac.HANSD >= GETDATE() AND lh_khac.TRANGTHAI = N'HoatDong'
        )
    )
    BEGIN
        RAISERROR(N'[RB-BH03] Vi phạm FEFO: tồn tại lô cùng loại thuốc có HSD sớm hơn chưa xuất hết.', 16, 1)
        ROLLBACK TRANSACTION
    END
END
GO

CREATE TRIGGER TR_KeDon_BatBuoc ON CHITIETHOADON AFTER INSERT AS
BEGIN
    SET NOCOUNT ON
    IF EXISTS (
        SELECT 1 FROM INSERTED cthd JOIN LOHANG lh ON lh.MALO = cthd.MALO JOIN THUOC t ON t.MATHUOC = lh.MATHUOC
        WHERE t.ISKEDON = 1 AND NOT EXISTS (SELECT 1 FROM DONTHUOC dt WHERE dt.MAHD = cthd.MAHD AND dt.NGAYHETHAN >= CAST(GETDATE() AS DATE))
    )
    BEGIN
        RAISERROR(N'[RB-BH01] Thuốc kê đơn bắt buộc phải có đơn thuốc hợp lệ.', 16, 1)
        ROLLBACK TRANSACTION
    END
END
GO

CREATE TRIGGER TR_KhongDoiThuocKeDon ON CHITIETDOITRA AFTER INSERT AS
BEGIN
    SET NOCOUNT ON
    IF EXISTS (SELECT 1 FROM INSERTED ctdt JOIN THUOC t ON t.MATHUOC = ctdt.MATHUOC WHERE t.ISKEDON = 1 AND ctdt.TINHTRANG <> N'ChuaMo')
    BEGIN
        RAISERROR(N'[RB-BH08] Không được đổi/trả thuốc kê đơn đã mở.', 16, 1)
        ROLLBACK TRANSACTION
    END
END
GO

CREATE TRIGGER TR_DoiTra24H ON PHIEUDOITRA AFTER INSERT AS
BEGIN
    SET NOCOUNT ON
    IF EXISTS (SELECT 1 FROM INSERTED pdt JOIN HOADON hd ON hd.MAHD = pdt.MAHD WHERE DATEDIFF(HOUR, hd.NGAYLAP, pdt.NGAYTRA) > 24)
    BEGIN
        RAISERROR(N'[RB-BH07] Chỉ được đổi/trả trong vòng 24 giờ kể từ khi mua hàng.', 16, 1)
        ROLLBACK TRANSACTION
    END
END
GO

CREATE TRIGGER TR_DatTruocKhiHetHang ON CHITIETDATTRUOC AFTER INSERT AS
BEGIN
    SET NOCOUNT ON
    IF EXISTS (
        SELECT 1 FROM INSERTED ctdt JOIN PHIEUDATTRUOC pdt ON pdt.MAPHIEUDT = ctdt.MAPHIEUDT
        WHERE (SELECT ISNULL(SUM(lh.SOLUONGTON), 0) FROM LOHANG lh WHERE lh.MATHUOC = ctdt.MATHUOC AND lh.MACN = pdt.MACN AND lh.TRANGTHAI = N'HoatDong' AND lh.HANSD >= GETDATE()) > 0
    )
    BEGIN
        RAISERROR(N'[RB-TK08] Chỉ được đặt trước khi thuốc hết hàng tại chi nhánh.', 16, 1)
        ROLLBACK TRANSACTION
    END
END
GO

CREATE TRIGGER TR_TrangThaiDonMotChieu ON DONHANG AFTER UPDATE AS
BEGIN
    SET NOCOUNT ON
    IF UPDATE(TRANGTHAIDON)
    BEGIN
        DECLARE @thu_tu TABLE (TRANGTHAI NVARCHAR(30), THUTU INT)
        INSERT INTO @thu_tu VALUES (N'ChoXacNhan',1), (N'ChoTT',2), (N'DangChuanBi',3), (N'ChoGiao',4), (N'DangGiao',5), (N'HoanThanh',6), (N'DaHuy',99)
        IF EXISTS (
            SELECT 1 FROM INSERTED i JOIN DELETED d ON d.MADON = i.MADON JOIN @thu_tu tt_new ON tt_new.TRANGTHAI = i.TRANGTHAIDON JOIN @thu_tu tt_old ON tt_old.TRANGTHAI = d.TRANGTHAIDON
            WHERE tt_new.THUTU < tt_old.THUTU AND d.TRANGTHAIDON NOT IN (N'DaHuy', N'HoanThanh') AND i.TRANGTHAIDON NOT IN (N'DaHuy')
        )
        BEGIN
            RAISERROR(N'[RB-OH07] Trạng thái đơn hàng không thể quay lại trạng thái trước.', 16, 1)
            ROLLBACK TRANSACTION
        END
    END
END
GO

CREATE TRIGGER TR_CongNoCanhBao ON KHACHHANGSI AFTER UPDATE AS
BEGIN
    SET NOCOUNT ON
    IF UPDATE(CONGNOHT)
    BEGIN
        UPDATE KHACHHANGSI SET TRANGTHAID = N'TamNgung' WHERE MAKH IN (SELECT MAKH FROM INSERTED WHERE CONGNOHT > HANMUCCONGNO) AND TRANGTHAID = N'HieuLuc'
    END
END
GO

CREATE TRIGGER TR_DiemTichLuy ON PHIEUTHANTOAN AFTER INSERT, UPDATE AS
BEGIN
    SET NOCOUNT ON
    UPDATE KHACHHANGTHANHVIEN SET DIEMTICHLUY = DIEMTICHLUY + FLOOR(ptt.SOTIENTHANHTOAN / 10000)
    FROM KHACHHANGTHANHVIEN khtv JOIN HOADON hd  ON hd.MAKH  = khtv.MAKH JOIN INSERTED ptt ON ptt.MAHD = hd.MAHD WHERE ptt.TRANGTHAI = N'ThanhCong'
END
GO

CREATE TRIGGER TR_HoanDiem ON PHIEUDOITRA AFTER UPDATE AS
BEGIN
    SET NOCOUNT ON
    IF UPDATE(TRANGTHAI)
    BEGIN
        IF EXISTS (SELECT 1 FROM INSERTED WHERE TRANGTHAI = N'DaXuLy')
        BEGIN
            UPDATE KHACHHANGTHANHVIEN SET DIEMTICHLUY = DIEMTICHLUY - pts.TongDiem
            FROM KHACHHANGTHANHVIEN khtv JOIN HOADON hd ON hd.MAKH = khtv.MAKH JOIN INSERTED pdt ON pdt.MAHD = hd.MAHD AND pdt.TRANGTHAI = N'DaXuLy'
            JOIN (SELECT MAPHIEUDOITRA, SUM(FLOOR(SOTIENHOANN / 10000)) AS TongDiem FROM CHITIETDOITRA GROUP BY MAPHIEUDOITRA) pts ON pts.MAPHIEUDOITRA = pdt.MAPHIEUDOITRA
            WHERE khtv.DIEMTICHLUY >= pts.TongDiem
        END
    END
END
GO

CREATE TRIGGER TR_GioHangKiemTon ON CHITIETGIOHANG AFTER INSERT, UPDATE AS
BEGIN
    SET NOCOUNT ON
    IF EXISTS (
        SELECT 1 FROM INSERTED ctgh WHERE ctgh.SOLUONGCHON > (
            SELECT ISNULL(SUM(lh.SOLUONGTON), 0) FROM LOHANG lh WHERE lh.MATHUOC = ctgh.MATHUOC AND lh.TRANGTHAI = N'HoatDong' AND lh.HANSD >= GETDATE()
        )
    )
    BEGIN
        RAISERROR(N'[RB-OH01] Số lượng chọn vượt quá tổng tồn kho hiện có.', 16, 1)
        ROLLBACK TRANSACTION
    END
END
GO

CREATE TRIGGER TR_HanSDGioHang ON GIOHANG AFTER INSERT AS
BEGIN
    SET NOCOUNT ON
    UPDATE GIOHANG SET NGAYHETHAN = DATEADD(HOUR, 24, NGAYTAO) WHERE MAGIOHANG IN (SELECT MAGIOHANG FROM INSERTED WHERE MAKH IS NULL)
END
GO


-- ================================================================
-- 6. DỮ LIỆU MẪU MỞ RỘNG
-- ================================================================

-- ════════════════════════════════════════════════════════════
-- 6.1 CHINHANH (+2 CN mới)
-- ════════════════════════════════════════════════════════════
INSERT INTO CHINHANH VALUES
('CN001',N'Pharmacy Quận 1',     N'123 Nguyễn Huệ, Q.1, TP.HCM',         '02838221001','pharmacy.q1@gmail.com', '0301234001',N'HoatDong'),
('CN002',N'Pharmacy Quận 3',     N'45 Võ Thị Sáu, Q.3, TP.HCM',          '02838221002','pharmacy.q3@gmail.com', '0301234002',N'HoatDong'),
('CN003',N'Pharmacy Bình Thạnh', N'210 Bạch Đằng, Q.Bình Thạnh, TP.HCM', '02838221003','pharmacy.bt@gmail.com', '0301234003',N'HoatDong'),
('CN004',N'Pharmacy Gò Vấp',     N'88 Quang Trung, Q.Gò Vấp, TP.HCM',    '02838221004','pharmacy.gv@gmail.com', '0301234004',N'HoatDong'),
('CN005',N'Pharmacy Thủ Đức',    N'500 Võ Văn Ngân, TP.Thủ Đức, TP.HCM', '02838221005','pharmacy.td@gmail.com', '0301234005',N'TamNgung'),
('CN006',N'Pharmacy Tân Bình',   N'12 Cộng Hòa, Tân Bình, TP.HCM',       '02838221006','pharmacy.tb@gmail.com', '0301234006',N'HoatDong'),
('CN007',N'Pharmacy Quận 10',    N'250 Lý Thường Kiệt, Q.10, TP.HCM',    '02838221007','pharmacy.q10@gmail.com','0301234007',N'HoatDong'),
('CN008',N'Pharmacy Tân Phú',    N'80 Lũy Bán Bích, Tân Phú, TP.HCM',    '02838221008','pharmacy.tp@gmail.com', '0301234008',N'HoatDong')
GO

-- ════════════════════════════════════════════════════════════
-- 6.2 DANHMUC
-- ════════════════════════════════════════════════════════════
INSERT INTO DANHMUC VALUES
('DM001',N'Kháng sinh',         N'Nhóm thuốc điều trị nhiễm khuẩn'),
('DM002',N'Giảm đau - Hạ sốt', N'Thuốc giảm đau, hạ nhiệt'),
('DM003',N'Tiêu hóa',          N'Thuốc trị bệnh đường tiêu hóa'),
('DM004',N'Tim mạch',          N'Thuốc điều trị tim mạch, huyết áp'),
('DM005',N'Thần kinh',         N'Thuốc an thần, chống trầm cảm'),
('DM006',N'Vitamin & Khoáng',  N'Bổ sung vitamin và khoáng chất'),
('DM007',N'Hô hấp',            N'Thuốc điều trị đường hô hấp'),
('DM008',N'Da liễu',           N'Thuốc trị bệnh da, kem bôi'),
('DM009',N'Mắt, Tai Mũi Họng',  N'Thuốc nhỏ mắt, mũi, tai'),
('DM010',N'Vật tư y tế',       N'Băng gạc, khẩu trang, nước muối'),
('DM011',N'Thực phẩm chức năng',N'Hỗ trợ sức khỏe, bổ gan, xương khớp'),
('DM012',N'Dược mỹ phẩm',      N'Sữa rửa mặt, kem chống nắng y khoa')
GO

-- ════════════════════════════════════════════════════════════
-- 6.3 NHACUNGCAP (+2 NCC mới)
-- ════════════════════════════════════════════════════════════
INSERT INTO NHACUNGCAP VALUES
('NCC001',N'Công ty Dược Hậu Giang',     '0101234001',N'288 Bis Nguyễn Văn Cừ, Q.5, TP.HCM','02838301001','dhg@dhgpharma.com.vn',   N'HoatDong'),
('NCC002',N'Công ty Dược Phẩm Imexpharm','0101234002',N'04 Đường 30/4, TP.Sa Đéc, Đồng Tháp','02773813013','info@imexpharm.com',      N'HoatDong'),
('NCC003',N'Công ty Domesco',             '0101234003',N'66 Trần Hưng Đạo, TP.Sa Đéc',        '02773825691','domesco@domesco.com',     N'HoatDong'),
('NCC004',N'Công ty Dược Nam Hà',         '0101234004',N'415 Hàng Than, Hà Nội',              '02438491191','namha@namhapharma.com.vn',N'HoatDong'),
('NCC005',N'Công ty Pymepharco',          '0101234005',N'166-168 Nguyễn Huệ, Tuy Hòa, PY',   '02573841289','info@pymepharco.com',     N'HoatDong'),
('NCC006',N'Công ty Dược Hà Tây',         '0101234006',N'Quốc lộ 6, Hà Đông, Hà Nội',        '02433512626','hatay@hatay-pharma.com',  N'HoatDong'),
('NCC007',N'Công ty TW Pharma',           '0101234007',N'24 Ngô Quyền, Hoàn Kiếm, Hà Nội',   '02438254615','info@twpharma.com',       N'NgungHD'),
('NCC008',N'Công ty Sanofi Việt Nam',     '0101234008',N'10 Hàm Nghi, Q.1, TP.HCM',          '02838254616','info@sanofi.com.vn',      N'HoatDong'),
('NCC009',N'Công ty AstraZeneca VN',      '0101234009',N'Keangnam Landmark, Hà Nội',          '02438254617','info@astrazeneca.vn',     N'HoatDong'),
('NCC010',N'Công ty Traphaco',            '0101234010',N'75 Yên Ninh, Ba Đình, Hà Nội',      '02438430076','info@traphaco.com.vn',    N'HoatDong'),
('NCC011',N'Rohto-Mentholatum VN',        '0101234011',N'KCN VSIP, Bình Dương',               '02743756768','info@rohto.com.vn',       N'HoatDong')
GO

-- ════════════════════════════════════════════════════════════
-- 6.4 THUOC (+10 Loại mới)
-- ════════════════════════════════════════════════════════════
INSERT INTO THUOC VALUES
('T001',N'Amoxicillin 500mg',   N'Amoxicillin',             N'Viên nang cứng', N'Hộp 30 viên', 1,45000, 'DM001'),
('T002',N'Augmentin 625mg',     N'Amoxicillin+Clavulanate', N'Viên nén',       N'Hộp 14 viên', 1,120000,'DM001'),
('T003',N'Ciprofloxacin 500mg', N'Ciprofloxacin',           N'Viên nén',       N'Hộp 20 viên', 1,65000, 'DM001'),
('T004',N'Paracetamol 500mg',   N'Paracetamol',             N'Viên nén',       N'Hộp 100 viên',0,25000, 'DM002'),
('T005',N'Ibuprofen 400mg',     N'Ibuprofen',               N'Viên nén bao',   N'Hộp 30 viên', 0,35000, 'DM002'),
('T006',N'Efferalgan sủi 500mg',N'Paracetamol',             N'Viên sủi bọt',   N'Tuýp 16 viên',0,38000, 'DM002'),
('T007',N'Omeprazole 20mg',     N'Omeprazole',              N'Viên nang',      N'Hộp 28 viên', 1,55000, 'DM003'),
('T008',N'Domperidon 10mg',     N'Domperidone',             N'Viên nén',       N'Hộp 30 viên', 0,28000, 'DM003'),
('T009',N'Smecta 3g',           N'Diosmectite',             N'Gói bột',        N'Hộp 30 gói',  0,75000, 'DM003'),
('T010',N'Amlodipine 5mg',      N'Amlodipine',              N'Viên nén',       N'Hộp 30 viên', 1,40000, 'DM004'),
('T011',N'Losartan 50mg',       N'Losartan Kali',           N'Viên nén bao',   N'Hộp 30 viên', 1,85000, 'DM004'),
('T012',N'Atorvastatin 10mg',   N'Atorvastatin',            N'Viên nén',       N'Hộp 30 viên', 1,95000, 'DM004'),
('T013',N'Diazepam 5mg',        N'Diazepam',                N'Viên nén',       N'Hộp 20 viên', 1,30000, 'DM005'),
('T014',N'Vitamin C 500mg',     N'Ascorbic acid',           N'Viên sủi bọt',   N'Tuýp 20 viên',0,35000, 'DM006'),
('T015',N'Vitamin B Complex',   N'Vitamin B1+B6+B12',       N'Viên nén',       N'Hộp 100 viên',0,42000, 'DM006'),
('T016',N'Calcimex 1000mg',     N'Calcium Carbonate + D3',  N'Viên nhai',      N'Hộp 30 viên', 0,68000, 'DM006'),
('T017',N'Mucosolvan 30mg',     N'Ambroxol',                N'Viên nén',       N'Hộp 30 viên', 0,55000, 'DM007'),
('T018',N'Loratadin 10mg',      N'Loratadine',              N'Viên nén',       N'Hộp 20 viên', 0,32000, 'DM007'),
('T019',N'Ventolin 100mcg',     N'Salbutamol',              N'Bình xịt hít',   N'Hộp 200 liều',1,95000, 'DM007'),
('T020',N'Dexamethasone 0.5mg', N'Dexamethasone',           N'Viên nén',       N'Hộp 100 viên',1,22000, 'DM002'),
('T021',N'Clindamycin 300mg',   N'Clindamycin',             N'Viên nang',      N'Hộp 30 viên', 1,78000, 'DM001'),
('T022',N'Metronidazole 250mg', N'Metronidazole',           N'Viên nén',       N'Hộp 30 viên', 1,28000, 'DM001'),
('T023',N'Kem Bepanthene',      N'Dexpanthenol',            N'Kem bôi',        N'Tuýp 30g',    0,85000, 'DM008'),
('T024',N'Furosemide 40mg',     N'Furosemide',              N'Viên nén',       N'Hộp 50 viên', 1,18000, 'DM004'),
('T025',N'Cetirizine 10mg',     N'Cetirizine HCl',          N'Viên nén',       N'Hộp 20 viên', 0,30000, 'DM007'),
('T026',N'Nước muối sinh lý',   N'Natri Clorid 0.9%',       N'Dung dịch',      N'Chai 500ml',  0,5000,  'DM010'),
('T027',N'Thuốc nhỏ mắt V.Rohto',N'Tetrahydrozoline',       N'Dung dịch nhỏ',  N'Chai 13ml',   0,55000, 'DM009'),
('T028',N'Băng cá nhân Urgo',   N'Băng keo y tế',           N'Băng dán',       N'Hộp 100 miếng',0,35000,'DM010'),
('T029',N'Khẩu trang y tế 4 lớp',N'Vải không dệt',          N'Khẩu trang',     N'Hộp 50 cái',  0,40000, 'DM010'),
('T030',N'Panadol Extra',       N'Paracetamol + Cafein',    N'Viên nén',       N'Hộp 180 viên',0,185000,'DM002'),
('T031',N'Boganic',             N'Cao Actiso, Rau đắng đất',N'Viên nang mềm',  N'Hộp 50 viên', 0,85000, 'DM011'),
('T032',N'Glucosamine 1500mg',  N'Glucosamine sulfate',     N'Viên nén',       N'Hộp 100 viên',0,350000,'DM011'),
('T033',N'Kẽm ZinC 15mg',       N'Zinc Gluconate',          N'Viên nén',       N'Hộp 100 viên',0,120000,'DM006'),
('T034',N'Collagen Youtheory',  N'Hydrolyzed Collagen',     N'Viên nén',       N'Hộp 390 viên',0,650000,'DM011'),
('T035',N'Sữa rửa mặt Cetaphil',N'Purified water, Cetyl...',N'Dung dịch',      N'Chai 125ml',  0,135000,'DM012'),
('T036',N'Kem chống nắng La Roche',N'Mexoryl SX/XL',        N'Kem bôi',        N'Tuýp 50ml',   0,450000,'DM012'),
('T037',N'Vitamin E 400IU',     N'Alpha-tocopherol',        N'Viên nang mềm',  N'Hộp 30 viên', 0,95000, 'DM006'),
('T038',N'Hoạt huyết dưỡng não',N'Cao Đinh lăng, Bạch quả', N'Viên bao đường', N'Hộp 100 viên',0,110000,'DM011'),
('T039',N'Nước súc miệng Listerine',N'Menthol, Thymol',     N'Dung dịch',      N'Chai 750ml',  0,95000, 'DM010'),
('T040',N'Que thử thai Quickstick',N'Phát hiện hCG',        N'Dụng cụ',        N'Hộp 1 que',   0,25000, 'DM010')
GO

-- ════════════════════════════════════════════════════════════
-- 6.5 NHANVIEN (+3 NV mới)
-- ════════════════════════════════════════════════════════════
INSERT INTO NHANVIEN VALUES
('NV001',N'Nguyễn Thị Lan',    N'DuocSi',           'CN001','0901111001','lan.nguyen@pharmacy.vn',  '2022-03-01'),
('NV002',N'Trần Minh Khoa',    N'DuocSi',           'CN001','0901111002','khoa.tran@pharmacy.vn',   '2021-06-15'),
('NV003',N'Lê Thị Hoa',        N'NhanVienKho',      'CN001','0901111003','hoa.le@pharmacy.vn',      '2020-01-10'),
('NV004',N'Phạm Văn Tùng',    N'NhanVienGiaoHang', 'CN001','0901111004','tung.pham@pharmacy.vn',   '2023-02-20'),
('NV005',N'Vũ Thị Mai',        N'QuanLy',           'CN001','0901111005','mai.vu@pharmacy.vn',      '2019-07-01'),
('NV006',N'Đặng Thị Thu',     N'DuocSi',           'CN002','0901111006','thu.dang@pharmacy.vn',    '2022-08-15'),
('NV007',N'Hoàng Minh Sơn',   N'NhanVienKho',      'CN002','0901111007','son.hoang@pharmacy.vn',   '2021-11-30'),
('NV008',N'Nguyễn Văn Bình',  N'NhanVienGiaoHang', 'CN002','0901111008','binh.nguyen@pharmacy.vn', '2023-05-01'),
('NV009',N'Lý Thị Thảo',      N'QuanLy',           'CN002','0901111009','thao.ly@pharmacy.vn',     '2018-03-10'),
('NV010',N'Trịnh Văn Hùng',   N'DuocSi',           'CN003','0901111010','hung.trinh@pharmacy.vn',  '2022-01-20'),
('NV011',N'Phan Thị Ngọc',    N'DuocSi',           'CN003','0901111011','ngoc.phan@pharmacy.vn',   '2021-09-05'),
('NV012',N'Bùi Văn Đức',      N'NhanVienKho',      'CN003','0901111012','duc.bui@pharmacy.vn',     '2020-04-15'),
('NV013',N'Cao Thị Liên',     N'NhanVienGiaoHang', 'CN003','0901111013','lien.cao@pharmacy.vn',    '2023-07-10'),
('NV014',N'Đỗ Minh Tuấn',     N'QuanLy',           'CN003','0901111014','tuan.do@pharmacy.vn',     '2017-12-01'),
('NV015',N'Ngô Thị Phương',   N'DuocSi',           'CN004','0901111015','phuong.ngo@pharmacy.vn',  '2022-10-01'),
('NV016',N'Đinh Văn Long',    N'NhanVienKho',      'CN004','0901111016','long.dinh@pharmacy.vn',   '2021-03-20'),
('NV017',N'Tô Thị Ngân',      N'NhanVienGiaoHang', 'CN004','0901111017','ngan.to@pharmacy.vn',     '2023-01-15'),
('NV018',N'Lâm Văn Kiên',     N'QuanLy',           'CN004','0901111018','kien.lam@pharmacy.vn',    '2016-08-15'),
('NV019',N'Hồ Thị Dung',      N'DuocSi',           'CN001','0901111019','dung.ho@pharmacy.vn',     '2020-06-01'),
('NV020',N'Từ Văn Nam',        N'QuanLy',           'CN001','0901111020','nam.tu@pharmacy.vn',      '2015-01-01'),
('NV021',N'Trần Minh Tú',      N'DuocSi',           'CN006','0901111021','tu.tran@pharmacy.vn',     '2023-09-01'),
('NV022',N'Lê Quang Đạo',      N'QuanLy',           'CN006','0901111022','dao.le@pharmacy.vn',      '2020-05-15'),
('NV023',N'Hoàng Bích Lệ',     N'DuocSi',           'CN007','0901111023','le.hoang@pharmacy.vn',    '2024-01-05'),
('NV024',N'Dương Ngọc Thái',   N'QuanLy',           'CN007','0901111024','thai.duong@pharmacy.vn',  '2021-02-15'),
('NV025',N'Trương Nam Sơn',    N'DuocSi',           'CN008','0901111025','son.truong@pharmacy.vn',  '2024-02-20')
GO

-- ════════════════════════════════════════════════════════════
-- 6.6 TAIKHOAN (+3 TK mới)
-- ════════════════════════════════════════════════════════════
INSERT INTO TAIKHOAN VALUES
('TK001','lan.nguyen',    'nhanvien123',N'DuocSi',           1,N'HoatDong',GETDATE(),0,'NV001'),
('TK002','khoa.tran',     'nhanvien123',N'DuocSi',           1,N'HoatDong',GETDATE(),0,'NV002'),
('TK003','hoa.le',        'nhanvien123',N'NhanVienKho',      1,N'HoatDong',GETDATE(),0,'NV003'),
('TK004','tung.pham',     'nhanvien123',N'NhanVienGiaoHang', 1,N'HoatDong',GETDATE(),0,'NV004'),
('TK005','mai.vu',        'quanly123',  N'QuanLy',           2,N'HoatDong',GETDATE(),0,'NV005'),
('TK006','thu.dang',      'nhanvien123',N'DuocSi',           1,N'HoatDong',GETDATE(),0,'NV006'),
('TK007','son.hoang',     'nhanvien123',N'NhanVienKho',      1,N'HoatDong',GETDATE(),0,'NV007'),
('TK008','binh.nguyen',   'nhanvien123',N'NhanVienGiaoHang', 1,N'HoatDong',GETDATE(),0,'NV008'),
('TK009','thao.ly',       'quanly123',  N'QuanLy',           2,N'HoatDong',GETDATE(),0,'NV009'),
('TK010','hung.trinh',    'nhanvien123',N'DuocSi',           1,N'HoatDong',GETDATE(),0,'NV010'),
('TK011','ngoc.phan',     'nhanvien123',N'DuocSi',           1,N'HoatDong',GETDATE(),0,'NV011'),
('TK012','duc.bui',       'nhanvien123',N'NhanVienKho',      1,N'BiKhoa',  GETDATE(),0,'NV012'),
('TK013','lien.cao',      'nhanvien123',N'NhanVienGiaoHang', 1,N'HoatDong',GETDATE(),0,'NV013'),
('TK014','tuan.do',       'quanly123',  N'QuanLy',           3,N'HoatDong',GETDATE(),0,'NV014'),
('TK015','phuong.ngo',    'nhanvien123',N'DuocSi',           1,N'HoatDong',GETDATE(),0,'NV015'),
('TK016','long.dinh',     'nhanvien123',N'NhanVienKho',      1,N'HoatDong',GETDATE(),0,'NV016'),
('TK017','ngan.to',       'nhanvien123',N'NhanVienGiaoHang', 1,N'HoatDong',GETDATE(),0,'NV017'),
('TK018','kien.lam',      'quanly123',  N'QuanLy',           4,N'HoatDong',GETDATE(),0,'NV018'),
('TK019','dung.ho',       'nhanvien123',N'DuocSi',           1,N'HoatDong',GETDATE(),0,'NV019'),
('TK020','nam.tu',        'quanly123',  N'QuanLy',           3,N'HoatDong',GETDATE(),0,'NV020'),
('TK021','tu.tran',       'nhanvien123',N'DuocSi',           1,N'HoatDong',GETDATE(),0,'NV021'),
('TK022','dao.le',        'quanly123',  N'QuanLy',           2,N'HoatDong',GETDATE(),0,'NV022'),
('TK023','le.hoang',      'nhanvien123',N'DuocSi',           1,N'HoatDong',GETDATE(),0,'NV023'),
('TK024','thai.duong',    'quanly123',  N'QuanLy',           2,N'HoatDong',GETDATE(),0,'NV024'),
('TK025','son.truong',    'nhanvien123',N'DuocSi',           1,N'HoatDong',GETDATE(),0,'NV025')
GO

-- ════════════════════════════════════════════════════════════
-- 6.7 KHACHHANG (+15 KH MỚI: Từ KH031 đến KH045)
-- ════════════════════════════════════════════════════════════
INSERT INTO KHACHHANG VALUES
('KH001',N'Nguyễn Văn An',       '0911000001',N'10 Lê Lợi, Q.1, TP.HCM',         '1990-05-15',N'ThanhVien'),
('KH002',N'Trần Thị Bình',       '0911000002',N'25 Hai Bà Trưng, Q.3, TP.HCM',    '1985-08-20',N'ThanhVien'),
('KH003',N'Lê Minh Cường',       '0911000003',N'100 Đinh Tiên Hoàng, BT, TP.HCM', '1978-12-10',N'ThanhVien'),
('KH004',N'Phạm Thị Diệu',      '0911000004',N'45 Cộng Hòa, Tân Bình, TP.HCM',   '1995-03-28',N'ThanhVien'),
('KH005',N'Vũ Văn Em',          '0911000005',N'88 Nguyễn Thị Minh Khai, Q.1',     '1988-07-07',N'ThanhVien'),
('KH006',N'Hoàng Thị Phương',   '0911000006',N'132 Lê Văn Sỹ, Q.3, TP.HCM',      '1992-11-30',N'ThanhVien'),
('KH007',N'Đặng Minh Giang',    '0911000007',N'200 Trường Chinh, Tân Phú',        '1980-04-18',N'ThanhVien'),
('KH008',N'Bùi Thị Hà',         '0911000008',N'55 Nơ Trang Long, BT, TP.HCM',    '1993-09-25',N'ThanhVien'),
('KH009',N'Ngô Văn Hùng',       '0911000009',N'77 Quang Trung, Gò Vấp',           '1975-06-12',N'ThanhVien'),
('KH010',N'Đinh Thị Hương',     '0911000010',N'34 Đinh Bộ Lĩnh, Bình Thạnh',     '1998-01-22',N'ThanhVien'),
('KH011',N'Lý Văn Khoa',        '0911000011',N'180 Phạm Văn Đồng, Thủ Đức',      '1986-10-05',N'VangLai'),
('KH012',N'Mai Thị Lan',        '0911000012',N'90 Kha Vạn Cân, Thủ Đức',         '1991-03-17',N'VangLai'),
('KH013',N'Trương Văn Minh',    '0911000013',N'15 An Dương Vương, Q.5',           '1983-08-29',N'VangLai'),
('KH014',N'Hồ Thị Nga',         '0911000014',N'260 Lý Thường Kiệt, Q.10',        '1997-12-04',N'VangLai'),
('KH015',N'Phan Văn Phong',     '0911000015',N'50 Điện Biên Phủ, Q.Bình Thạnh',  '1989-05-31',N'VangLai'),
('KH016',N'Cao Thị Quỳnh',      '0911000016',N'Phòng khám Tâm Đức, Q.3',         '1980-01-15',N'Si'),
('KH017',N'Lưu Văn Sơn',        '0911000017',N'Bệnh viện tư Nhân Tâm, Q.10',    '1975-06-20',N'Si'),
('KH018',N'Từ Thị Thu',          '0911000018',N'Trạm y tế P.15, Gò Vấp',          '1982-09-08',N'Si'),
('KH019',N'Đỗ Văn Tuấn',        '0911000019',N'Phòng mạch BS Tuấn, Thủ Đức',    '1978-04-25',N'Si'),
('KH020',N'Văn Thị Uyên',       '0911000020',N'Phòng khám 24h MedPlus, Q.1',     '1985-11-11',N'Si'),
('KH021',N'Kiều Văn Vinh',      '0911000021',NULL,                                '2000-07-07',N'VangLai'),
('KH022',N'Tiêu Thị Xuân',      '0911000022',NULL,                                '1995-02-14',N'VangLai'),
('KH023',N'Đoàn Minh Yên',      '0911000023',N'12 Bến Chương Dương, Q.1',        '1988-08-08',N'ThanhVien'),
('KH024',N'Lê Thị Zoan',        '0911000024',N'67 Nguyễn Trãi, Q.5, TP.HCM',    '1994-05-20',N'ThanhVien'),
('KH025',N'Phan Thị Ánh',       '0911000025',N'123 Ba Tháng Hai, Q.10',          '1990-03-03',N'ThanhVien'),
('KH026',N'Bùi Minh Trí',       '0911000026',N'45 Tân Kỳ Tân Quý, Tân Phú',      '1990-10-10',N'VangLai'),
('KH027',N'Đào Thị Mộng',       '0911000027',N'12 Lũy Bán Bích, Tân Phú',        '1985-02-28',N'ThanhVien'),
('KH028',N'Phòng khám Đa khoa SG','0911000028',N'99 Trường Chinh, Tân Bình',     '1980-01-01',N'Si'),
('KH029',N'Võ Tấn Thành',       '0911000029',N'35 Lý Tự Trọng, Q.1',             '1999-09-09',N'ThanhVien'),
('KH030',N'Nhà thuốc An Khang mini','0911000030',N'80 CMT8, Q.3',                '1988-12-12',N'Si'),
-- NEW DATA BELOW
('KH031',N'Bệnh Viện Đa Khoa Mỹ Phước','0911000031',N'KCN Mỹ Phước, Bình Dương', '1990-01-01',N'Si'),
('KH032',N'Phòng Khám Nhi Đồng 3',    '0911000032',N'Lý Tự Trọng, Q.1',         '2005-05-05',N'Si'),
('KH033',N'Trạm Y Tế Phường 10',      '0911000033',N'Sư Vạn Hạnh, Q.10',        '2010-10-10',N'Si'),
('KH034',N'Nha Khoa Nụ Cười Xinh',    '0911000034',N'Võ Văn Tần, Q.3',          '2015-08-15',N'Si'),
('KH035',N'Châu Kim Bảng',            '0911000035',N'56 Hoàng Hoa Thám, Tân Bình','1995-12-12',N'ThanhVien'),
('KH036',N'Lê Hoàng Anh',             '0911000036',N'23/4 CMT8, Q.Tân Bình',     '1989-02-14',N'ThanhVien'),
('KH037',N'Nguyễn Ngọc Hân',          '0911000037',N'45A Trần Phú, Q.5',         '1998-04-30',N'VangLai'),
('KH038',N'Phạm Tuấn Khải',           '0911000038',N'102 Bùi Viện, Q.1',         '2001-01-01',N'VangLai'),
('KH039',N'Đinh Trọng Thủy',          '0911000039',N'89 Nguyễn Trãi, Q.1',       '1970-11-20',N'ThanhVien'),
('KH040',N'Vương Mộng Lan',           '0911000040',N'560 3/2, Q.10',             '1982-06-15',N'ThanhVien'),
('KH041',N'Trịnh Ngọc My',            '0911000041',N'A1 Chung cư Phú Thọ, Q.11', '1993-09-09',N'VangLai'),
('KH042',N'Tăng Chí Hùng',            '0911000042',N'78 Tản Đà, Q.5',            '1985-05-19',N'ThanhVien'),
('KH043',N'Trần Mỹ Tâm',              '0911000043',N'111 Lê Lai, Q.1',           '1990-12-25',N'ThanhVien'),
('KH044',N'Hồ Gia Huy',               '0911000044',N'222 Võ Thị Sáu, Q.3',       '2002-03-08',N'VangLai'),
('KH045',N'Đồng Trọng Tín',           '0911000045',N'90/2A Nguyễn Kiệm, Gò Vấp', '1987-07-27',N'ThanhVien')
GO

-- ════════════════════════════════════════════════════════════
-- 6.8 KHACHHANGVANGLAI
-- ════════════════════════════════════════════════════════════
INSERT INTO KHACHHANGVANGLAI VALUES
('KH011',N'Lý Văn Khoa',        '0911000011',NULL),
('KH012',N'Mai Thị Lan',        '0911000012',NULL),
('KH013',N'Trương Văn Minh',    '0911000013',NULL),
('KH014',N'Hồ Thị Nga',         '0911000014',NULL),
('KH015',N'Phan Văn Phong',     '0911000015',NULL),
('KH021',N'Kiều Văn Vinh',      '0911000021','SES-001'),
('KH022',N'Tiêu Thị Xuân',      '0911000022','SES-002'),
('KH026',N'Bùi Minh Trí',       '0911000026','SES-003'),
('KH037',N'Nguyễn Ngọc Hân',    '0911000037',NULL),
('KH038',N'Phạm Tuấn Khải',     '0911000038','SES-004'),
('KH041',N'Trịnh Ngọc My',      '0911000041',NULL),
('KH044',N'Hồ Gia Huy',         '0911000044','SES-005')
GO

-- ════════════════════════════════════════════════════════════
-- 6.9 KHACHHANGTHANHVIEN
-- ════════════════════════════════════════════════════════════
INSERT INTO KHACHHANGTHANHVIEN VALUES
('KH001','an.nguyen@gmail.com',     'an.nguyen',   'kh123456',150,'2023-01-10',N'HoatDong'),
('KH002','binh.tran@gmail.com',     'binh.tran',   'kh123456',320,'2022-05-20',N'HoatDong'),
('KH003','cuong.le@gmail.com',      'cuong.le',    'kh123456', 80,'2021-08-15',N'HoatDong'),
('KH004','dieu.pham@gmail.com',     'dieu.pham',   'kh123456',500,'2020-11-01',N'HoatDong'),
('KH005','em.vu@gmail.com',         'em.vu',       'kh123456',200,'2023-03-22',N'HoatDong'),
('KH006','phuong.hoang@gmail.com',  'phuong.hoang','kh123456', 75,'2022-07-14',N'HoatDong'),
('KH007','giang.dang@gmail.com',    'giang.dang',  'kh123456',410,'2021-02-28',N'HoatDong'),
('KH008','ha.bui@gmail.com',        'ha.bui',      'kh123456', 90,'2023-06-05',N'BiKhoa'),
('KH023','yen.doan@gmail.com',      'yen.doan',    'kh123456', 30,'2024-01-15',N'HoatDong'),
('KH024','zoan.le@gmail.com',       'zoan.le',     'kh123456',260,'2022-09-20',N'HoatDong'),
('KH027','mong.dao@gmail.com',      'mong.dao',    'kh123456', 45,'2023-11-11',N'HoatDong'),
('KH029','thanh.vo@gmail.com',      'thanh.vo',    'kh123456', 15,'2024-02-02',N'HoatDong'),
('KH035','bang.chau@gmail.com',     'bang.chau',   'kh123456', 10,'2024-04-01',N'HoatDong'),
('KH036','anh.le@gmail.com',        'anh.le',      'kh123456', 55,'2024-03-10',N'HoatDong'),
('KH039','thuy.dinh@gmail.com',     'thuy.dinh',   'kh123456', 80,'2024-02-15',N'HoatDong'),
('KH040','lan.vuong@gmail.com',     'lan.vuong',   'kh123456',115,'2023-10-10',N'HoatDong'),
('KH042','hung.tang@gmail.com',     'hung.tang',   'kh123456', 90,'2023-11-20',N'HoatDong'),
('KH043','tam.tran@gmail.com',      'tam.tran',    'kh123456',205,'2022-12-12',N'HoatDong'),
('KH045','tin.dong@gmail.com',      'tin.dong',    'kh123456',  5,'2024-04-10',N'HoatDong')
GO

-- ════════════════════════════════════════════════════════════
-- 6.10 THETHANHVIEN
-- ════════════════════════════════════════════════════════════
INSERT INTO THETHANHVIEN (MATHE, MAKH, NGAYCAP, HANGTV) VALUES
('THE001','KH001','2023-01-10',N'Dong'),
('THE002','KH002','2022-05-20',N'Bac'),
('THE003','KH003','2021-08-15',N'Dong'),
('THE004','KH004','2020-11-01',N'Vang'),
('THE005','KH005','2023-03-22',N'Dong'),
('THE006','KH006','2022-07-14',N'Dong'),
('THE007','KH007','2021-02-28',N'Bac'),
('THE008','KH008','2023-06-05',N'Dong'),
('THE009','KH023','2024-01-15',N'Dong'),
('THE010','KH024','2022-09-20',N'Bac'),
('THE011','KH027','2023-11-11',N'Dong'),
('THE012','KH029','2024-02-02',N'Dong'),
('THE013','KH035','2024-04-01',N'Dong'),
('THE014','KH036','2024-03-10',N'Dong'),
('THE015','KH039','2024-02-15',N'Dong'),
('THE016','KH040','2023-10-10',N'Dong'),
('THE017','KH042','2023-11-20',N'Dong'),
('THE018','KH043','2022-12-12',N'Bac'),
('THE019','KH045','2024-04-10',N'Dong')
GO

-- ════════════════════════════════════════════════════════════
-- 6.11 KHACHHANGSI (Tích hợp test case Đăng nhập được / Không được)
-- YÊU CẦU:
-- KH031: Active, tương lai (2025 -> 2028)
-- KH032: Hết hạn (2024 -> 2026-01-01) - Không login được
-- KH033: Hết hạn (2024 -> 2025-12-31) - Không login được
-- KH034: Active, hạn mức cao, chưa tới ngày hết hạn.
-- ════════════════════════════════════════════════════════════
INSERT INTO KHACHHANGSI VALUES
('KH016',N'Phòng khám Tâm Đức',    '0300512001','tamduc.clinic',    'si123456',0, 50000000,  5000000,30,0.08,N'HieuLuc', '2023-01-01','2025-01-01'),
('KH017',N'Bệnh viện tư Nhân Tâm', '0300512002','nhantam.hospital', 'si123456',0,100000000,12000000,45,0.10,N'HieuLuc', '2022-06-01','2024-06-01'),
('KH018',N'Trạm y tế P.15 Gò Vấp', '0300512003','tramyte.p15gv',    'si123456',0, 20000000,  1500000,30,0.05,N'HieuLuc', '2023-07-01','2025-07-01'),
('KH019',N'Phòng mạch BS Tuấn',    '0300512004','bstuan.clinic',    'si123456',0, 15000000,  8000000,30,0.06,N'TamNgung','2022-01-01','2024-01-01'),
('KH020',N'Phòng khám 24h MedPlus','0300512005','medplus.24h',      'si123456',0, 80000000,  3000000,60,0.09,N'HieuLuc', '2024-01-01','2026-01-01'),
('KH028',N'Phòng khám Đa khoa SG', '0300512006','pksg.clinic',      'si123456',0, 60000000,  2000000,30,0.07,N'HieuLuc', '2023-10-01','2025-10-01'),
('KH030',N'Nhà thuốc An Khang mini','0300512007','ankhang.mini',    'si123456',0, 40000000,  1000000,15,0.05,N'HieuLuc', '2024-01-01','2026-01-01'),
-- 4 KHÁCH HÀNG SỈ MỚI ĐỂ TEST:
('KH031',N'Bệnh Viện Đa Khoa Mỹ Phước','0300512008','myphuoc.hospital', 'si123456',0,150000000, 10000000,45,0.12,N'HieuLuc', '2025-01-01','2028-01-01'), -- Đăng nhập ĐƯỢC
('KH032',N'Phòng Khám Nhi Đồng 3',     '0300512009','nhidong3.clinic',  'si123456',0, 30000000,  0,       30,0.05,N'HetHan',  '2024-01-01','2026-01-01'), -- Đăng nhập KHÔNG được (Hết hạn từ t1/2026)
('KH033',N'Trạm Y Tế Phường 10',       '0300512010','tramyte.p10',      'si123456',0, 20000000,  500000,  30,0.05,N'HetHan',  '2023-12-31','2025-12-31'), -- Đăng nhập KHÔNG được (Hết hạn từ cuối 2025)
('KH034',N'Nha Khoa Nụ Cười Xinh',     '0300512011','nucuoi.dental',    'si123456',0, 40000000,  35000000,30,0.06,N'HieuLuc', '2025-06-01','2027-06-01')  -- Đăng nhập ĐƯỢC (Công nợ cao nhưng chưa vượt hạn mức)
GO

-- ════════════════════════════════════════════════════════════
-- 6.12 LOHANG (+ Lô hàng cho 10 loại thuốc mới)
-- ════════════════════════════════════════════════════════════
INSERT INTO LOHANG VALUES
('LO001','T001','CN001','LO-AMO-001','2024-01-10','2028-01-10',200,32000,N'Kệ A1', N'HoatDong'),
('LO002','T001','CN002','LO-AMO-002','2024-03-15','2028-03-15',150,32000,N'Kệ B1', N'HoatDong'),
('LO003','T002','CN001','LO-AUG-001','2024-02-01','2028-02-01', 80,85000,N'Kệ A2', N'HoatDong'),
('LO004','T003','CN001','LO-CIP-001','2023-11-20','2028-11-20',120,48000,N'Kệ A3', N'HoatDong'),
('LO005','T004','CN001','LO-PAR-001','2024-01-05','2028-01-05',500,16000,N'Kệ C1', N'HoatDong'),
('LO006','T004','CN002','LO-PAR-002','2024-04-10','2028-04-10',300,16000,N'Kệ C2', N'HoatDong'),
('LO007','T004','CN003','LO-PAR-003','2024-06-01','2028-06-01',250,17000,N'Kệ D1', N'HoatDong'),
('LO008','T005','CN001','LO-IBU-001','2024-01-20','2028-01-20',180,24000,N'Kệ C3', N'HoatDong'),
('LO009','T006','CN001','LO-EFF-001','2024-02-15','2028-02-15',100,26000,N'Kệ C4', N'HoatDong'),
('LO010','T007','CN001','LO-OME-001','2023-10-01','2028-10-01', 60,38000,N'Kệ A4', N'HoatDong'),
('LO011','T007','CN002','LO-OME-002','2024-03-20','2028-03-20', 90,38000,N'Kệ B3', N'HoatDong'),
('LO012','T008','CN001','LO-DOM-001','2024-01-15','2028-01-15',150,18000,N'Kệ C5', N'HoatDong'),
('LO013','T009','CN001','LO-SME-001','2024-02-20','2028-02-20', 70,52000,N'Kệ C6', N'HoatDong'),
('LO014','T010','CN001','LO-AML-001','2023-12-01','2028-12-01', 90,28000,N'Kệ A5', N'HoatDong'),
('LO015','T011','CN001','LO-LOS-001','2024-01-10','2028-01-10', 60,62000,N'Kệ A6', N'HoatDong'),
('LO016','T012','CN001','LO-ATO-001','2024-03-01','2028-03-01', 50,70000,N'Kệ A7', N'HoatDong'),
('LO017','T013','CN001','LO-DIA-001','2024-04-01','2028-04-01', 40,20000,N'Kệ A8', N'HoatDong'),
('LO018','T014','CN001','LO-VIC-001','2024-01-25','2028-01-25',200,22000,N'Kệ D1', N'HoatDong'),
('LO019','T015','CN001','LO-VIB-001','2024-02-10','2028-02-10',150,28000,N'Kệ D2', N'HoatDong'),
('LO020','T016','CN001','LO-CAL-001','2024-03-15','2028-03-15', 80,50000,N'Kệ D3', N'HoatDong'),
('LO021','T017','CN001','LO-MUC-001','2024-02-25','2028-02-25',120,38000,N'Kệ E1', N'HoatDong'),
('LO022','T018','CN001','LO-LOR-001','2024-01-30','2028-01-30',100,22000,N'Kệ E2', N'HoatDong'),
('LO023','T019','CN001','LO-VEN-001','2023-11-15','2028-11-15', 30,70000,N'Kệ A9', N'HoatDong'),
('LO024','T020','CN001','LO-DEX-001','2024-01-08','2028-01-08',200,14000,N'Kệ C7', N'HoatDong'),
('LO025','T021','CN001','LO-CLI-001','2024-03-05','2028-03-05', 80,58000,N'Kệ A10',N'HoatDong'),
('LO026','T022','CN001','LO-MET-001','2024-02-28','2028-02-28',100,18000,N'Kệ A11',N'HoatDong'),
('LO027','T023','CN001','LO-BEP-001','2024-04-01','2028-04-01', 50,62000,N'Kệ F1', N'HoatDong'),
('LO028','T024','CN001','LO-FUR-001','2024-01-12','2028-01-12',120,11000,N'Kệ A12',N'HoatDong'),
('LO029','T025','CN001','LO-CET-001','2024-03-10','2028-03-10',150,20000,N'Kệ E3', N'HoatDong'),
('LO030','T004','CN001','LO-PAR-OLD','2023-06-01','2024-08-01',  5,15000,N'Kệ C1', N'HoatDong'), -- Cố tình để hết hạn test PX005
('LO031','T026','CN006','LO-NAT-001','2024-05-01','2028-05-01', 500,2500, N'Kệ G1', N'HoatDong'),
('LO032','T027','CN006','LO-VRO-001','2024-06-01','2028-06-01', 100,40000,N'Kệ G2', N'HoatDong'),
('LO033','T028','CN006','LO-URG-001','2024-07-01','2028-07-01', 200,25000,N'Kệ G3', N'HoatDong'),
('LO034','T029','CN006','LO-KTY-001','2024-08-01','2028-08-01', 300,30000,N'Kệ G4', N'HoatDong'),
-- LÔ HÀNG CHO CÁC THUỐC MỚI T031 - T040
('LO035','T031','CN001','LO-BOG-001','2024-01-15','2028-01-15', 100,60000,N'Kệ H1', N'HoatDong'),
('LO036','T032','CN001','LO-GLU-001','2024-02-20','2028-02-20',  50,250000,N'Kệ H2', N'HoatDong'),
('LO037','T033','CN001','LO-ZIN-001','2024-03-10','2028-03-10', 120,80000,N'Kệ H3', N'HoatDong'),
('LO038','T034','CN001','LO-COL-001','2024-04-05','2028-04-05',  40,480000,N'Kệ H4', N'HoatDong'),
('LO039','T035','CN001','LO-CET-002','2024-05-12','2028-05-12',  80,95000,N'Kệ H5', N'HoatDong'),
('LO040','T036','CN002','LO-LAR-001','2024-01-20','2028-01-20',  60,320000,N'Kệ H6', N'HoatDong'),
('LO041','T037','CN002','LO-VIE-001','2024-06-18','2028-06-18', 150,65000,N'Kệ H7', N'HoatDong'),
('LO042','T038','CN003','LO-HHD-001','2024-07-22','2028-07-22',  90,75000,N'Kệ H8', N'HoatDong'),
('LO043','T039','CN003','LO-LIS-001','2024-08-30','2028-08-30', 200,68000,N'Kệ H9', N'HoatDong'),
('LO044','T040','CN004','LO-QUI-001','2024-09-05','2028-09-05', 300,15000,N'Kệ H10',N'HoatDong'),
-- LÔ HÀNG ĐỂ FIX LỖI THIẾU TỒN KHO TR_GioHangKiemTon CHO THUỐC T030
('LO045','T030','CN006','LO-PAN-001','2024-01-10','2028-01-10', 100,120000,N'Kệ G5', N'HoatDong')
GO

-- Đẩy NGAYHETHAN đơn thuốc về tương lai (Fix-11 cũ)
UPDATE DONTHUOC
SET    NGAYKE     = CAST(GETDATE() AS DATE),
       NGAYHETHAN = DATEADD(DAY, 5, CAST(GETDATE() AS DATE));
GO

-- ════════════════════════════════════════════════════════════
-- 6.13 HOADON (+ Hóa đơn cho khách sỉ mới)
-- ════════════════════════════════════════════════════════════
DISABLE TRIGGER TR_KeDon_BatBuoc ON CHITIETHOADON
GO
INSERT INTO HOADON VALUES
('HD001','2024-10-01 09:15:00',185000,N'Le',    N'DaThanhToan','KH001','NV001','CN001'),
('HD002','2024-10-02 10:30:00',270000,N'Le',    N'DaThanhToan','KH002','NV001','CN001'),
('HD003','2024-10-03 11:00:00', 95000,N'Le',    N'DaThanhToan','KH003','NV002','CN001'),
('HD004','2024-10-04 14:20:00',450000,N'Le',    N'DaThanhToan','KH004','NV002','CN001'),
('HD005','2024-10-05 08:45:00',120000,N'Le',    N'DaThanhToan','KH005','NV001','CN001'),
('HD006','2024-10-06 16:10:00',340000,N'Le',    N'DaThanhToan','KH006','NV006','CN002'),
('HD007','2024-10-07 09:00:00',210000,N'Le',    N'DaThanhToan','KH007','NV006','CN002'),
('HD008','2024-10-08 13:30:00',580000,N'Si',    N'DaThanhToan','KH016','NV006','CN002'),
('HD009','2024-10-09 10:00:00',192000,N'Le',    N'DaThanhToan','KH008','NV010','CN003'),
('HD010','2024-10-10 15:00:00',375000,N'Le',    N'DaThanhToan','KH009','NV010','CN003'),
('HD011','2024-10-11 09:30:00',155000,N'Online',N'DaThanhToan','KH001','NV001','CN001'),
('HD012','2024-10-12 11:45:00',280000,N'Le',    N'DaThanhToan','KH002','NV002','CN001'),
('HD013','2024-10-13 14:00:00',495000,N'Si',    N'DaThanhToan','KH017','NV009','CN002'),
('HD014','2024-10-14 08:15:00', 68000,N'Le',    N'DaThanhToan','KH003','NV011','CN003'),
('HD015','2024-10-15 10:30:00',124000,N'Le',    N'DaThanhToan','KH004','NV015','CN004'),
('HD016','2024-10-16 13:00:00',356000,N'Le',    N'DaThanhToan','KH023','NV001','CN001'),
('HD017','2024-10-17 09:45:00',215000,N'Le',    N'DaThanhToan','KH024','NV002','CN001'),
('HD018','2024-10-18 15:30:00',440000,N'Si',    N'ChuaTT',     'KH018','NV006','CN002'),
('HD019','2024-10-19 10:15:00',178000,N'Le',    N'DaThanhToan','KH005','NV001','CN001'),
('HD020','2024-10-20 11:30:00',320000,N'Online',N'DaThanhToan','KH007','NV006','CN002'),
('HD021','2024-10-21 14:45:00', 85000,N'Le',    N'DaThanhToan', NULL,  'NV010','CN003'),
('HD022','2024-10-22 09:00:00',198000,N'Le',    N'DaThanhToan','KH025','NV015','CN004'),
('HD023','2024-10-23 08:30:00', 60000,N'Le',    N'DaThanhToan','KH027','NV021','CN006'),
('HD024','2024-10-23 09:15:00', 15000,N'Le',    N'DaThanhToan','KH026','NV021','CN006'),
('HD025','2024-10-23 10:00:00',225000,N'Le',    N'DaThanhToan','KH029','NV021','CN006'),
('HD026','2024-10-23 14:20:00', 70000,N'Le',    N'DaThanhToan', NULL,  'NV021','CN006'),
-- NEW INVOICES
('HD027',GETDATE(),            2350000,N'Si',   N'DaThanhToan','KH031','NV001','CN001'), -- Khách sỉ mới
('HD028',GETDATE(),             550000,N'Si',   N'ChuaTT',     'KH034','NV001','CN001'), -- Khách sỉ mới
('HD029',GETDATE(),             340000,N'Le',   N'DaThanhToan','KH035','NV002','CN001'),
('HD030',GETDATE(),             120000,N'Le',   N'DaThanhToan','KH036','NV006','CN002'),
('HD031',GETDATE(),             450000,N'Le',   N'DaThanhToan','KH039','NV010','CN003'),
('HD032',GETDATE(),             650000,N'Le',   N'DaThanhToan','KH040','NV015','CN004'),
('HD033',GETDATE(),             250000,N'Le',   N'DaThanhToan', NULL,  'NV023','CN007'),
('HD034',GETDATE(),             185000,N'Online',N'DaThanhToan','KH042','NV025','CN008'),
('HD035',GETDATE(),             950000,N'Si',   N'ChuaTT',     'KH030','NV025','CN008')
GO

-- ════════════════════════════════════════════════════════════
-- 6.14 CHITIETHOADON
-- ════════════════════════════════════════════════════════════
INSERT INTO CHITIETHOADON (MAHD, MALO, SOLUONG, DONGIABAN, GIAMGIAITEM, CACHDUNG) VALUES
('HD001','LO005',3,25000,0,    N'Uống sau ăn'),
('HD001','LO018',2,35000,0,    N'Ngậm tan'),
('HD001','LO022',1,32000,3200, N'Uống tối'),
('HD002','LO001',2,45000,0,    N'Uống sáng + tối'),
('HD002','LO012',1,28000,0,    N'Uống trước ăn'),
('HD002','LO009',2,38000,0,    N'Sủi với nước ấm'),
('HD002','LO021',2,55000,5500, N'Uống sáng'),
('HD003','LO005',2,25000,0,    N'Uống khi sốt'),
('HD003','LO008',1,35000,0,    N'Uống sau ăn'),
('HD004','LO015',1,85000,0,    N'Uống sáng'),
('HD004','LO016',2,95000,0,    N'Uống tối'),
('HD004','LO014',3,40000,0,    N'Uống sáng + tối'),
('HD005','LO019',1,42000,4200, N'Uống hàng ngày'),
('HD005','LO022',1,32000,0,    N'Uống tối'),
('HD005','LO029',2,30000,0,    N'Uống khi ngứa'),
('HD006','LO006',2,25000,0,    N'Uống khi đau'),
('HD006','LO021',2,55000,0,    N'Ngày 2 lần'),
('HD006','LO022',2,32000,0,    N'Uống sáng'),
('HD007','LO005',1,25000,0,    N'Khi sốt'),
('HD007','LO013',1,75000,0,    N'Ngày 3 gói'),
('HD007','LO019',1,42000,0,    N'Hàng ngày'),
('HD008','LO014',10,40000,0,   N'Theo đơn'),
('HD008','LO015',1,85000,0,    N'Theo đơn'),
('HD009','LO018',3,35000,0,    N'Ngậm tan'),
('HD009','LO029',3,30000,0,    N'Uống ngày 1 lần'),
('HD010','LO020',1,68000,6800, N'Uống hàng ngày'),
('HD010','LO019',2,42000,0,    N'Bổ sung B vitamin'),
('HD010','LO021',4,55000,0,    N'Ngày 2 lần'),
('HD011','LO005',2,25000,0,    N'Hạ sốt'),
('HD011','LO009',2,38000,0,    N'Sủi bọt'),
('HD012','LO003',2,120000,0,   N'Theo đơn bác sĩ'),
('HD012','LO021',1,55000,5500, N'Ngày 2 lần'),
('HD016','LO005',4,25000,0,    N'Hạ sốt'),
('HD016','LO018',4,35000,0,    N'Vitamin C'),
('HD022','LO022',2,32000,0,    N'Dị ứng'),
('HD023','LO032',1,55000,0,    N'Nhỏ mắt ngày 2 lần'),
('HD023','LO031',1,5000, 0,    N'Súc miệng, rửa mũi'),
('HD024','LO031',3,5000, 0,    N'Súc miệng'),
('HD025','LO045',1,185000,0,   N'Dự trữ dùng dần'),
('HD025','LO034',1,40000, 0,   N'Đeo khi ra ngoài'),
('HD026','LO033',2,35000, 0,   N'Sát trùng và dán'),
-- CTHD CHO CÁC HÓA ĐƠN MỚI
('HD027','LO035',10,85000, 0,  N'Phân phối sỉ'),
('HD027','LO036',5, 300000,0,  N'Phân phối sỉ'),
('HD028','LO042',5, 110000,0,  N'Phân phối sỉ'), 
('HD029','LO037',2, 95000, 0,  N'Uống ngày 1 viên'),
('HD029','LO035',1, 85000, 0,  N'Uống mát gan'),
('HD029','LO038',1, 650000, 0, N'Bổ sung Collagen'),
('HD030','LO037',1, 120000,0,  N'Bổ sung Kẽm'), 
('HD031','LO040',1, 450000,0,  N'Thoa chống nắng'),
('HD032','LO042',2, 110000,0,  N'Ngày 2 viên'),
('HD032','LO043',1, 95000, 0,  N'Súc miệng sáng tối'), 
('HD033','LO031',50,5000,  0,  N'Dự trữ'),
('HD034','LO041',1, 95000, 0,  N'Theo hướng dẫn'), 
('HD034','LO044',2, 25000, 0,  N'Dụng cụ'),
('HD035','LO038',2, 650000,0,  N'Phân phối sỉ') 
GO
ENABLE TRIGGER TR_KeDon_BatBuoc ON CHITIETHOADON
GO

-- ════════════════════════════════════════════════════════════
-- 6.15 DONHANG (+ Đơn hàng mới)
-- ════════════════════════════════════════════════════════════
INSERT INTO DONHANG VALUES
('DH001','2024-10-01 20:00:00',N'HoanThanh', N'10 Lê Lợi, Q.1',          N'GiaoTanNoi',N'Online',     185000,'KH001','CN001'),
('DH002','2024-10-02 21:30:00',N'HoanThanh', N'25 Hai Bà Trưng, Q.3',    N'GiaoTanNoi',N'COD',          68000,'KH002','CN001'),
('DH003','2024-10-03 10:00:00',N'DangGiao',  N'100 Đinh Tiên Hoàng, BT', N'GiaoTanNoi',N'Online',       95000,'KH003','CN003'),
('DH004','2024-10-05 15:30:00',N'DangChuanBi',N'45 Cộng Hòa, Tân Bình',  N'GiaoTanNoi',N'Online',      210000,'KH004','CN001'),
('DH005','2024-10-06 09:00:00',N'ChoXacNhan',N'88 NTMK, Q.1',             N'GiaoTanNoi',N'COD',         120000,'KH005','CN001'),
('DH006','2024-10-07 20:15:00',N'HoanThanh', N'132 Lê Văn Sỹ, Q.3',      N'GiaoTanNoi',N'ChuyenKhoan',340000,'KH006','CN002'),
('DH007','2024-10-08 11:00:00',N'HoanThanh', N'200 Trường Chinh',         N'GiaoTanNoi',N'COD',         160000,'KH007','CN002'),
('DH008','2024-10-09 19:45:00',N'ChoGiao',   N'55 Nơ Trang Long, BT',    N'GiaoTanNoi',N'Online',       75000,'KH008','CN003'),
('DH009','2024-10-10 08:00:00',N'DangGiao',  N'77 Quang Trung, GV',       N'GiaoTanNoi',N'COD',         255000,'KH009','CN003'),
('DH010','2024-10-11 21:00:00',N'HoanThanh', N'34 Đinh Bộ Lĩnh, BT',     N'GiaoTanNoi',N'Online',      192000,'KH010','CN001'),
('DH011','2024-10-12 10:30:00',N'DaHuy',     N'10 Lê Lợi, Q.1',          N'GiaoTanNoi',N'Online',       42000,'KH001','CN001'),
('DH012','2024-10-13 16:00:00',N'HoanThanh', N'25 Hai Bà Trưng, Q.3',    N'GiaoTanNoi',N'ChuyenKhoan',175000,'KH002','CN001'),
('DH013','2024-10-14 20:30:00',N'ChoXacNhan',N'100 Đinh Tiên Hoàng',      N'NhanTaiCN', N'COD',          30000,'KH003','CN003'),
('DH014','2024-10-15 09:15:00',N'DangChuanBi',N'45 Cộng Hòa',            N'GiaoTanNoi',N'Online',      135000,'KH023','CN001'),
('DH015','2024-10-16 18:00:00',N'ChoGiao',   N'67 Nguyễn Trãi, Q.5',     N'GiaoTanNoi',N'COD',         280000,'KH024','CN001'),
('DH016','2024-10-17 11:00:00',N'HoanThanh', N'Phòng khám Tâm Đức',      N'GiaoTanNoi',N'ChuyenKhoan',1200000,'KH016','CN002'),
('DH017','2024-10-18 14:30:00',N'HoanThanh', N'Bệnh viện Nhân Tâm',      N'GiaoTanNoi',N'ChuyenKhoan',850000,'KH017','CN002'),
('DH018','2024-10-19 08:30:00',N'DangGiao',  N'Trạm y tế P.15',          N'GiaoTanNoi',N'ChuyenKhoan',450000,'KH018','CN002'),
('DH019','2024-10-20 20:00:00',N'ChoTT',     N'12 Bến Chương Dương',      N'GiaoTanNoi',N'Online',      198000,'KH023','CN001'),
('DH020','2024-10-21 10:00:00',N'ChoXacNhan',N'123 Ba Tháng Hai',         N'NhanTaiCN', N'COD',         110000,'KH025','CN004'),
('DH021','2024-10-22 15:00:00',N'HoanThanh', N'45 Tân Kỳ Tân Quý',       N'GiaoTanNoi',N'COD',         165000,'KH026','CN006'),
('DH022','2024-10-22 18:00:00',N'DangGiao',  N'99 Trường Chinh',         N'GiaoTanNoi',N'ChuyenKhoan',555000,'KH028','CN006'),
('DH023','2024-10-23 09:30:00',N'ChoXacNhan',N'35 Lý Tự Trọng, Q.1',     N'NhanTaiCN', N'Online',      265000,'KH029','CN006'),
-- NEW ORDERS
('DH024',GETDATE(),          N'ChoXacNhan',N'KCN Mỹ Phước',             N'GiaoTanNoi',N'ChuyenKhoan',3500000,'KH031','CN001'),
('DH025',GETDATE(),          N'DangChuanBi',N'56 Hoàng Hoa Thám',        N'GiaoTanNoi',N'COD',         480000,'KH035','CN002'),
('DH026',GETDATE(),          N'ChoGiao',   N'45A Trần Phú',             N'GiaoTanNoi',N'Online',      120000,'KH037','CN003'),
('DH027',GETDATE(),          N'DangGiao',  N'102 Bùi Viện',             N'GiaoTanNoi',N'COD',         650000,'KH038','CN004'),
('DH028',GETDATE(),          N'ChoXacNhan',N'A1 Chung cư Phú Thọ',       N'NhanTaiCN', N'COD',         195000,'KH041','CN007'),
('DH029',GETDATE(),          N'HoanThanh', N'111 Lê Lai',               N'GiaoTanNoi',N'Online',      850000,'KH043','CN008'),
('DH030',GETDATE(),          N'DaHuy',     N'222 Võ Thị Sáu',           N'GiaoTanNoi',N'COD',         150000,'KH044','CN008')
GO

-- ════════════════════════════════════════════════════════════
-- 6.16 CHITIETDONHANG
-- ════════════════════════════════════════════════════════════
INSERT INTO CHITIETDONHANG (MADON, MATHUOC, SOLUONGDAT, DONGIACHOT) VALUES
('DH001','T004',3,25000),('DH001','T014',2,35000),
('DH002','T005',1,35000),('DH002','T015',1,42000),
('DH003','T004',2,25000),('DH003','T018',1,32000),
('DH004','T004',4,25000),('DH004','T014',2,35000),('DH004','T015',1,42000),
('DH005','T018',2,32000),('DH005','T025',2,30000),
('DH006','T004',5,25000),('DH006','T017',3,55000),('DH006','T018',2,32000),
('DH007','T004',3,25000),('DH007','T009',1,75000),
('DH008','T014',1,35000),('DH008','T025',1,30000),
('DH009','T005',2,35000),('DH009','T017',2,55000),('DH009','T016',1,68000),
('DH010','T014',2,35000),('DH010','T015',2,42000),('DH010','T025',2,30000),
('DH011','T004',1,42000),
('DH021','T027',3,55000),
('DH022','T030',3,185000),
('DH023','T029',5,40000),('DH023','T028',1,35000),('DH023','T026',6,5000),
-- NEW ORDER DETAILS
('DH024','T032',10,350000),
('DH025','T034',1, 480000),
('DH026','T033',1, 120000),
('DH027','T034',1, 650000),
('DH028','T037',2, 95000),('DH028','T026',1, 5000),
('DH029','T036',1, 450000),('DH029','T034',1, 650000), -- Fix T034 400k -> 650k
('DH030','T035',1, 150000)
GO

-- ════════════════════════════════════════════════════════════
-- 6.17 PHIEUGIAOHANG
-- ════════════════════════════════════════════════════════════
INSERT INTO PHIEUGIAOHANG VALUES
('VD001','2024-10-01 21:00:00',20000,N'DaGiao',  N'10 Lê Lợi, Q.1',          N'10.776090,106.700981',NULL,              'DH001','NV004'),
('VD002','2024-10-02 22:00:00',25000,N'DaGiao',  N'25 Hai Bà Trưng, Q.3',    N'10.779910,106.693031',NULL,              'DH002','NV004'),
('VD003','2024-10-03 14:00:00',20000,N'DangGiao',N'100 Đinh Tiên Hoàng, BT', N'10.810910,106.714321',NULL,              'DH003','NV013'),
('VD004','2024-10-07 21:00:00',25000,N'DaGiao',  N'132 Lê Văn Sỹ, Q.3',      N'10.769890,106.680021',NULL,              'DH006','NV008'),
('VD005','2024-10-08 12:00:00',20000,N'DaGiao',  N'200 Trường Chinh',         N'10.774310,106.640021',NULL,              'DH007','NV008'),
('VD006','2024-10-09 09:30:00',30000,N'ChuaNhan', N'55 Nơ Trang Long, BT',    NULL,                   NULL,              'DH008','NV013'),
('VD007','2024-10-10 08:30:00',25000,N'DangGiao',N'77 Quang Trung, GV',       N'10.845910,106.664821',NULL,              'DH009','NV013'),
('VD008','2024-10-11 22:00:00',20000,N'ThatBai', N'34 Đinh Bộ Lĩnh, BT',    N'10.810390,106.714521',N'Khách không có nhà','DH010','NV004'),
('VD009','2024-10-22 16:30:00',15000,N'DaGiao',  N'45 Tân Kỳ Tân Quý',       N'10.801000,106.623000',NULL,              'DH021','NV004'),
('VD010','2024-10-22 19:00:00',20000,N'DangGiao',N'99 Trường Chinh',         N'10.795000,106.635000',NULL,              'DH022','NV017'),
('VD011',GETDATE(),            25000,N'ChuaNhan',N'45A Trần Phú',            NULL,                   NULL,              'DH026','NV013'),
('VD012',GETDATE(),            20000,N'DangGiao',N'102 Bùi Viện',            N'10.767500,106.694000',NULL,              'DH027','NV017'),
('VD013',GETDATE(),            15000,N'DaGiao',  N'111 Lê Lai',              N'10.770000,106.690000',NULL,              'DH029','NV008')
GO

-- ════════════════════════════════════════════════════════════
-- 6.18 PHIEUTHANTOAN
-- ════════════════════════════════════════════════════════════
INSERT INTO PHIEUTHANTOAN VALUES
('PT001',185000,'2024-10-01 09:20:00',N'The',          N'ThanhCong','HD001',NULL),
('PT002',270000,'2024-10-02 10:35:00',N'TienMat',      N'ThanhCong','HD002',NULL),
('PT003', 95000,'2024-10-03 11:05:00',N'TienMat',      N'ThanhCong','HD003',NULL),
('PT004',450000,'2024-10-04 14:25:00',N'ChuyenKhoan',  N'ThanhCong','HD004',NULL),
('PT005',120000,'2024-10-05 08:50:00',N'TienMat',      N'ThanhCong','HD005',NULL),
('PT006',340000,'2024-10-06 16:15:00',N'Vi',           N'ThanhCong','HD006',NULL),
('PT007',210000,'2024-10-07 09:05:00',N'TienMat',      N'ThanhCong','HD007',NULL),
('PT008',580000,'2024-10-08 13:35:00',N'ChuyenKhoan',  N'ThanhCong','HD008',NULL),
('PT009',192000,'2024-10-09 10:05:00',N'The',          N'ThanhCong','HD009',NULL),
('PT010',375000,'2024-10-10 15:05:00',N'Vi',           N'ThanhCong','HD010',NULL),
('PT011',155000,'2024-10-11 09:35:00',N'Vi',           N'ThanhCong','HD011',NULL),
('PT012',280000,'2024-10-12 11:50:00',N'The',          N'ThanhCong','HD012',NULL),
('PT013',185000,'2024-10-01 21:15:00',N'COD',          N'ThanhCong',NULL,    'DH001'),
('PT014', 68000,'2024-10-02 22:20:00',N'COD',          N'ThanhCong',NULL,    'DH002'),
('PT015',340000,'2024-10-07 21:30:00',N'ChuyenKhoan',  N'ThanhCong',NULL,    'DH006'),
('PT016', 60000,'2024-10-23 08:35:00',N'Vi',           N'ThanhCong','HD023',NULL),
('PT017', 15000,'2024-10-23 09:20:00',N'TienMat',      N'ThanhCong','HD024',NULL),
('PT018',165000,'2024-10-22 16:35:00',N'COD',          N'ThanhCong',NULL,    'DH021'),
('PT019',555000,'2024-10-22 18:05:00',N'ChuyenKhoan',  N'ThanhCong',NULL,    'DH022'),
('PT020',295000,'2024-10-23 14:25:00',N'TienMat',      N'ThanhCong','HD026',NULL),
('PT021',850000,GETDATE(),             N'The',         N'ThanhCong',NULL,    'DH029'),
('PT022',2350000,GETDATE(),            N'ChuyenKhoan', N'ThanhCong','HD027',NULL)
GO

-- ════════════════════════════════════════════════════════════
-- 6.19 KHUYENMAI
-- ════════════════════════════════════════════════════════════
INSERT INTO KHUYENMAI VALUES
('KM001',N'Giảm 10% thuốc Vitamin tháng 10', '2024-10-01','2024-10-31',N'GiamTheoSP',  10,   N'Áp dụng nhóm DM006',       N'ToanChuoi',NULL),
('KM002',N'Mua 3 tặng 1 Paracetamol',         '2024-10-15','2024-10-31',N'GiamTheoSP',  25000,N'Mua 3 hộp Paracetamol',    N'ToanChuoi',NULL),
('KM003',N'Giảm 5% hóa đơn trên 300k',        '2024-10-01','2024-10-31',N'GiamTheoTien',5,    N'HĐ >= 300.000 VNĐ',       N'ToanChuoi',NULL),
('KM004',N'Tích điểm x2 cuối tuần',            '2024-10-05','2024-10-27',N'TichDiem',    2,    N'Thứ 7 và Chủ Nhật',       N'ToanChuoi',NULL),
('KM005',N'Ưu đãi KH thành viên Vàng 15%',    '2024-10-01','2024-12-31',N'GiamTheoTien',15,   N'Chỉ KH hạng Vàng',        N'ToanChuoi',NULL),
('KM006',N'Mua 1 tặng 1 Nước muối',           '2024-10-01','2024-10-31',N'GiamTheoSP',  5000, N'Tặng 1 chai khi mua 1',    N'ToanChuoi',NULL),
('KM007',N'Giảm 20K cho đơn online',          '2024-10-20','2024-11-20',N'GiamTheoTien',20000,N'Áp dụng đơn đặt qua web',  N'ToanChuoi',NULL)
GO

-- ════════════════════════════════════════════════════════════
-- 6.20 SUDUNGKM
-- ════════════════════════════════════════════════════════════
INSERT INTO SUDUNGKM VALUES
('KM001','HD001', 7000,'2024-10-01 09:15:00'),
('KM001','HD005', 4200,'2024-10-05 08:45:00'),
('KM003','HD004',22500,'2024-10-04 14:20:00'),
('KM003','HD008',29000,'2024-10-08 13:30:00'),
('KM005','HD012',42000,'2024-10-12 11:45:00'),
('KM004','HD011', 7750,'2024-10-11 09:30:00'),
('KM006','HD024', 5000,'2024-10-23 09:15:00'),
('KM003','HD025',11250,'2024-10-23 10:00:00')
GO

-- ════════════════════════════════════════════════════════════
-- 6.21 PHIEUNHAP (+ PN mới)
-- ════════════════════════════════════════════════════════════
INSERT INTO PHIEUNHAP VALUES
('PN001','2024-09-01 09:00:00',5200000,N'HoanThanh',  N'NhapNCC',       NULL,'NV003','NCC001','CN001'),
('PN002','2024-09-10 10:00:00',3800000,N'HoanThanh',  N'NhapNCC',       NULL,'NV003','NCC002','CN001'),
('PN003','2024-09-15 11:00:00',2900000,N'HoanThanh',  N'NhapNCC',       NULL,'NV007','NCC003','CN002'),
('PN004','2024-09-20 14:00:00',4100000,N'HoanThanh',  N'NhapNCC',       NULL,'NV003','NCC001','CN001'),
('PN005','2024-09-25 09:30:00',1800000,N'DaDuyet',    N'NhapNCC',       NULL,'NV007','NCC004','CN002'),
('PN006','2024-10-01 08:00:00',6500000,N'ChoDuyet',   N'NhapNCC',       NULL,'NV012','NCC002','CN003'),
('PN007','2024-10-05 09:00:00',2200000,N'HoanThanh',  N'DieuChuyenDen','CN002','NV003',NULL,  'CN001'),
('PN008','2024-10-10 10:00:00',3300000,N'TuChoi',     N'NhapNCC',       NULL,'NV016','NCC005','CN004'),
('PN009','2024-10-15 08:00:00',5250000,N'HoanThanh',  N'NhapNCC',       NULL,'NV022','NCC008','CN006'),
('PN010','2024-10-20 09:30:00',14000000,N'HoanThanh', N'NhapNCC',       NULL,'NV022','NCC009','CN006'),
('PN011',GETDATE(),            12000000,N'HoanThanh', N'NhapNCC',       NULL,'NV003','NCC010','CN001'),
('PN012',GETDATE(),             5500000,N'HoanThanh', N'NhapNCC',       NULL,'NV007','NCC011','CN002')
GO

-- ════════════════════════════════════════════════════════════
-- 6.22 CHITIETNHAP (+ Chi tiết cho thuốc mới)
-- ════════════════════════════════════════════════════════════
INSERT INTO CHITIETNHAP (MAPHIEUNHAP, MATHUOC, SOLO, NGAYSX, HANSD, SOLUONGNHAP, DONGIANHAP) VALUES
('PN001','T004','BL-PARA-001','2024-01-05','2028-01-05',500,16000),
('PN001','T005','BL-IBU-001', '2024-01-20','2028-01-20',200,24000),
('PN001','T006','BL-EFF-001', '2024-02-15','2028-02-15',100,26000),
('PN002','T001','BL-AMO-001', '2024-01-10','2028-01-10',300,32000),
('PN002','T002','BL-AUG-001', '2024-02-01','2028-02-01', 80,85000),
('PN002','T003','BL-CIP-001', '2023-11-20','2028-11-20',150,48000),
('PN003','T007','BL-OME-001', '2023-10-01','2028-10-01',100,38000),
('PN003','T008','BL-DOM-001', '2024-01-15','2028-01-15',200,18000),
('PN003','T009','BL-SME-001', '2024-02-20','2028-02-20', 80,52000),
('PN004','T010','BL-AML-001', '2023-12-01','2028-12-01',120,28000),
('PN004','T011','BL-LOS-001', '2024-01-10','2028-01-10', 80,62000),
('PN004','T012','BL-ATO-001', '2024-03-01','2028-03-01', 60,70000),
('PN005','T014','BL-VIC-001', '2024-01-25','2028-01-25',300,22000),
('PN005','T015','BL-VIB-001', '2024-02-10','2028-02-10',200,28000),
('PN005','T016','BL-CAL-001', '2024-03-15','2028-03-15',100,50000),
('PN006','T017','BL-MUC-001', '2024-02-25','2028-02-25',150,38000),
('PN006','T018','BL-LOR-001', '2024-01-30','2028-01-30',200,22000),
('PN006','T025','BL-CET-001', '2024-03-10','2028-03-10',200,20000),
('PN007','T004','BL-PARA-DC', '2024-01-05','2028-01-05',100,16000),
('PN008','T019','BL-VEN-001', '2023-11-15','2028-11-15', 50,70000),
('PN009','T026','BL-NAT-002', '2024-09-01','2028-09-01',500,2500),
('PN009','T027','BL-VRO-002', '2024-09-15','2028-09-15',100,40000),
('PN010','T028','BL-URG-002', '2024-09-20','2028-09-20',200,25000),
('PN010','T029','BL-KTY-002', '2024-09-25','2028-09-25',300,30000),
('PN011','T031','BL-BOG-002', '2025-01-15','2029-01-15',200,60000),
('PN012','T036','BL-LAR-002', '2025-02-20','2029-02-20',100,320000)
GO

-- ════════════════════════════════════════════════════════════
-- 6.23 PHIEUXUAT
-- ════════════════════════════════════════════════════════════
INSERT INTO PHIEUXUAT VALUES
('PX001','2024-10-01 09:00:00',N'Bán hàng theo hóa đơn HD001',N'HoanThanh',N'BanHang',      NULL,NULL,    'NV003','CN001'),
('PX002','2024-10-02 10:00:00',N'Bán hàng theo hóa đơn HD002',N'HoanThanh',N'BanHang',      NULL,NULL,    'NV003','CN001'),
('PX003','2024-10-05 14:00:00',N'Điều chuyển hàng sang CN001',N'HoanThanh',N'DieuChuyenDi','CN001',N'DaXacNhan','NV007','CN002'),
('PX004','2024-10-08 09:00:00',N'Bán hàng theo hóa đơn HD008',N'HoanThanh',N'BanHang',      NULL,NULL,    'NV007','CN002'),
('PX005','2024-10-10 08:00:00',N'Xử lý hàng sắp hết hạn',    N'DaDuyet',  N'HangHong',     NULL,NULL,    'NV003','CN001'),
('PX006','2024-10-12 10:00:00',N'Bán hàng theo hóa đơn HD012',N'HoanThanh',N'BanHang',      NULL,NULL,    'NV003','CN001'),
('PX007','2024-10-23 10:00:00',N'Bán hàng HD023, HD024',     N'HoanThanh',N'BanHang',      NULL,NULL,    'NV022','CN006'),
('PX008','2024-10-24 11:00:00',N'Xuất kho đơn online DH023', N'ChoDuyet',  N'BanHang',      NULL,NULL,    'NV022','CN006')
GO

-- ════════════════════════════════════════════════════════════
-- 6.24 CHITIETXUAT
-- ════════════════════════════════════════════════════════════
DISABLE TRIGGER TR_FEFO_ChonLo ON CHITIETXUAT
GO
INSERT INTO CHITIETXUAT VALUES
('PX001','LO005',3, N'ConTot'),
('PX001','LO018',2, N'ConTot'),
('PX001','LO022',1, N'ConTot'),
('PX002','LO005',2, N'ConTot'),
('PX002','LO021',2, N'ConTot'),
('PX002','LO009',2, N'ConTot'),
('PX003','LO006',50,N'ConTot'),
('PX004','LO014',10,N'ConTot'),
('PX004','LO015',1, N'ConTot'),
('PX005','LO030',5, N'Hu'),
('PX006','LO003',2, N'ConTot'),
('PX006','LO021',1, N'ConTot'),
('PX007','LO031',4, N'ConTot'),
('PX007','LO032',1, N'ConTot'),
('PX008','LO034',5, N'ConTot'),
('PX008','LO033',1, N'ConTot')
GO
ENABLE TRIGGER TR_FEFO_ChonLo ON CHITIETXUAT
GO

-- ════════════════════════════════════════════════════════════
-- 6.25 GIOHANG
-- ════════════════════════════════════════════════════════════
INSERT INTO GIOHANG VALUES
('GH001',NULL,    'KH001','2024-10-22 08:00:00','2024-10-22 20:00:00',0),
('GH002',NULL,    'KH002','2024-10-22 09:00:00','2024-10-22 21:00:00',0),
('GH003','SES-001',NULL,  '2024-10-22 10:00:00','2024-10-23 10:00:00',0),
('GH004',NULL,    'KH007','2024-10-22 11:00:00','2024-10-22 23:00:00',0),
('GH005','SES-002',NULL,  '2024-10-22 14:00:00','2024-10-23 14:00:00',0),
('GH006',NULL,    'KH027','2024-10-23 11:00:00','2024-10-23 23:00:00',0),
('GH007','SES-003',NULL,  '2024-10-24 09:00:00','2024-10-25 09:00:00',0)
GO

-- ════════════════════════════════════════════════════════════
-- 6.26 CHITIETGIOHANG
-- ════════════════════════════════════════════════════════════
INSERT INTO CHITIETGIOHANG VALUES
('GH001','T004',2,25000),
('GH001','T014',1,35000),
('GH002','T005',1,35000),
('GH002','T018',2,32000),
('GH003','T004',3,25000),
('GH004','T017',2,55000),
('GH004','T015',1,42000),
('GH005','T025',2,30000),
('GH006','T026',5,5000),
('GH006','T027',1,55000),
('GH007','T030',2,185000)
GO

-- ════════════════════════════════════════════════════════════
-- 6.27 DONTHUOC
-- ════════════════════════════════════════════════════════════
INSERT INTO DONTHUOC VALUES
('DT001','2024-10-12',N'BS. Nguyễn Văn Hùng','CCH-00123','images/dt001.jpg','2024-10-17','HD012'),
('DT002','2024-10-04',N'BS. Trần Thị Mai',   'CCH-00456','images/dt002.jpg','2024-10-09','HD004'),
('DT003','2024-10-08',N'BS. Lê Minh Khoa',   'CCH-00789','images/dt003.jpg','2024-10-13','HD008'),
('DT004','2024-10-13',N'BS. Phạm Văn Đức',   'CCH-01012','images/dt004.jpg','2024-10-18','HD013'),
('DT005','2024-10-17',N'BS. Vũ Thị Hoa',     'CCH-01345','images/dt005.jpg','2024-10-22','HD017')
GO

-- ════════════════════════════════════════════════════════════
-- 6.28 CHITIETDONTHUOC
-- ════════════════════════════════════════════════════════════
INSERT INTO CHITIETDONTHUOC VALUES
('DT001','T002',N'1 viên x 2 lần/ngày',   N'Uống sau ăn sáng và tối',14,N'Uống đủ liệu trình 7 ngày'),
('DT001','T007',N'1 viên x 1 lần/ngày',   N'Uống trước ăn 30 phút',  28,NULL),
('DT002','T010',N'1 viên x 1 lần/ngày',   N'Uống buổi sáng',         30,N'Theo dõi huyết áp mỗi tuần'),
('DT002','T011',N'1 viên x 1 lần/ngày',   N'Uống buổi tối',          30,NULL),
('DT003','T001',N'2 viên x 3 lần/ngày',   N'Uống sau ăn',            21,N'Không uống quá 10 ngày'),
('DT004','T021',N'1 viên x 2 lần/ngày',   N'Uống sau ăn sáng tối',   30,NULL),
('DT005','T013',N'1/2 viên x 1 lần/ngày', N'Uống trước ngủ',         20,N'Không uống rượu bia')
GO

-- ════════════════════════════════════════════════════════════
-- 6.29 PHIEUKIEMKE
-- ════════════════════════════════════════════════════════════
INSERT INTO PHIEUKIEMKE VALUES
('KK001','2024-09-30 18:00:00',N'HoanThanh','NV003','CN001'),
('KK002','2024-09-30 18:00:00',N'HoanThanh','NV007','CN002'),
('KK003','2024-10-15 17:00:00',N'ChoDuyet', 'NV012','CN003'),
('KK004','2024-10-23 18:00:00',N'DangKiemKe','NV022','CN006')
GO

-- ════════════════════════════════════════════════════════════
-- 6.30 CHITIETKIEMKE
-- ════════════════════════════════════════════════════════════
INSERT INTO CHITIETKIEMKE VALUES
('KK001','LO005',500,498,N'Thiếu 2 hộp, nguyên nhân đang điều tra'),
('KK001','LO001',200,200,NULL),
('KK001','LO018',200,201,N'Thừa 1 hộp, có thể do nhập liệu sai'),
('KK001','LO014', 90, 88,N'Thiếu 2 hộp'),
('KK002','LO006',300,300,NULL),
('KK002','LO011', 90, 90,NULL),
('KK003','LO007',250,248,N'Thiếu 2 hộp, đang kiểm tra'),
('KK003','LO029',150,150,NULL),
('KK004','LO031',500,500,NULL),
('KK004','LO032',100,100,NULL)
GO

-- ════════════════════════════════════════════════════════════
-- 6.31 PHIEUDOITRA
-- ════════════════════════════════════════════════════════════
DISABLE TRIGGER TR_DoiTra24H ON PHIEUDOITRA
GO
INSERT INTO PHIEUDOITRA VALUES
('PDT001','2024-10-01 20:00:00',N'Thuốc bị ẩm, bao bì hỏng',N'DaXuLy', 'HD001','NV001'),
('PDT002','2024-10-05 15:00:00',N'Mua nhầm loại',            N'DaXuLy', 'HD005','NV001'),
('PDT003','2024-10-09 12:00:00',N'Bác sĩ đổi đơn',          N'ChoXuLy','HD009','NV010'),
('PDT004','2024-10-24 09:00:00',N'Chai nước muối bị rò rỉ', N'ChoXuLy', 'HD024','NV021')
GO
ENABLE TRIGGER TR_DoiTra24H ON PHIEUDOITRA
GO

-- ════════════════════════════════════════════════════════════
-- 6.32 CHITIETDOITRA
-- ════════════════════════════════════════════════════════════
INSERT INTO CHITIETDOITRA VALUES
('PDT001','T014',1,N'Hu',     35000),
('PDT001','T004',1,N'ConTot', 25000),
('PDT002','T018',1,N'ChuaMo', 32000),
('PDT002','T025',1,N'ChuaMo', 30000),
('PDT003','T018',1,N'ChuaMo', 32000),
('PDT004','T026',1,N'Hu',     5000)
GO

-- ════════════════════════════════════════════════════════════
-- 6.33 PHIEUDATTRUOC
-- ════════════════════════════════════════════════════════════
DISABLE TRIGGER TR_DatTruocKhiHetHang ON CHITIETDATTRUOC
GO
INSERT INTO PHIEUDATTRUOC VALUES
('DT001','2024-10-20 10:00:00',N'DaThongBao','KH001','CN001'),
('DT002','2024-10-21 11:00:00',N'ChoDuyet',  'KH002','CN002'),
('DT003','2024-10-22 09:00:00',N'ChoDuyet',  'KH010','CN001'),
('DT004','2024-10-23 15:00:00',N'ChoDuyet',  'KH027','CN006')
GO

-- ════════════════════════════════════════════════════════════
-- 6.34 CHITIETDATTRUOC
-- ════════════════════════════════════════════════════════════
INSERT INTO CHITIETDATTRUOC VALUES
('DT001','T019',2,N'DaThongBao'),
('DT001','T013',1,N'DaThongBao'),
('DT002','T010',2,N'ChoDuyet'),
('DT003','T019',1,N'ChoDuyet'),
('DT003','T013',2,N'ChoDuyet'),
('DT004','T001',5,N'ChoDuyet')
GO
ENABLE TRIGGER TR_DatTruocKhiHetHang ON CHITIETDATTRUOC
GO


-- ================================================================
-- 7. KIỂM TRA DỮ LIỆU ĐÃ NHẬP
-- ================================================================
SELECT 'CHINHANH'              AS BangDuLieu, COUNT(*) AS SoDong FROM CHINHANH
UNION ALL SELECT 'DANHMUC',             COUNT(*) FROM DANHMUC
UNION ALL SELECT 'NHACUNGCAP',          COUNT(*) FROM NHACUNGCAP
UNION ALL SELECT 'THUOC',               COUNT(*) FROM THUOC
UNION ALL SELECT 'LOHANG',              COUNT(*) FROM LOHANG
UNION ALL SELECT 'NHANVIEN',            COUNT(*) FROM NHANVIEN
UNION ALL SELECT 'TAIKHOAN',            COUNT(*) FROM TAIKHOAN
UNION ALL SELECT 'KHACHHANG',           COUNT(*) FROM KHACHHANG
UNION ALL SELECT 'KHACHHANGVANGLAI',    COUNT(*) FROM KHACHHANGVANGLAI
UNION ALL SELECT 'KHACHHANGTHANHVIEN',  COUNT(*) FROM KHACHHANGTHANHVIEN
UNION ALL SELECT 'THETHANHVIEN',        COUNT(*) FROM THETHANHVIEN
UNION ALL SELECT 'KHACHHANGSI',         COUNT(*) FROM KHACHHANGSI
UNION ALL SELECT 'HOADON',              COUNT(*) FROM HOADON
UNION ALL SELECT 'CHITIETHOADON',       COUNT(*) FROM CHITIETHOADON
UNION ALL SELECT 'DONHANG',             COUNT(*) FROM DONHANG
UNION ALL SELECT 'CHITIETDONHANG',      COUNT(*) FROM CHITIETDONHANG
UNION ALL SELECT 'GIOHANG',             COUNT(*) FROM GIOHANG
UNION ALL SELECT 'CHITIETGIOHANG',      COUNT(*) FROM CHITIETGIOHANG
UNION ALL SELECT 'PHIEUGIAOHANG',       COUNT(*) FROM PHIEUGIAOHANG
UNION ALL SELECT 'PHIEUTHANTOAN',       COUNT(*) FROM PHIEUTHANTOAN
UNION ALL SELECT 'KHUYENMAI',           COUNT(*) FROM KHUYENMAI
UNION ALL SELECT 'SUDUNGKM',            COUNT(*) FROM SUDUNGKM
UNION ALL SELECT 'PHIEUNHAP',           COUNT(*) FROM PHIEUNHAP
UNION ALL SELECT 'CHITIETNHAP',         COUNT(*) FROM CHITIETNHAP
UNION ALL SELECT 'PHIEUXUAT',           COUNT(*) FROM PHIEUXUAT
UNION ALL SELECT 'CHITIETXUAT',         COUNT(*) FROM CHITIETXUAT
UNION ALL SELECT 'DONTHUOC',            COUNT(*) FROM DONTHUOC
UNION ALL SELECT 'CHITIETDONTHUOC',     COUNT(*) FROM CHITIETDONTHUOC
UNION ALL SELECT 'PHIEUKIEMKE',         COUNT(*) FROM PHIEUKIEMKE
UNION ALL SELECT 'CHITIETKIEMKE',       COUNT(*) FROM CHITIETKIEMKE
UNION ALL SELECT 'PHIEUDOITRA',         COUNT(*) FROM PHIEUDOITRA
UNION ALL SELECT 'CHITIETDOITRA',       COUNT(*) FROM CHITIETDOITRA
UNION ALL SELECT 'PHIEUDATTRUOC',       COUNT(*) FROM PHIEUDATTRUOC
UNION ALL SELECT 'CHITIETDATTRUOC',     COUNT(*) FROM CHITIETDATTRUOC
ORDER BY SoDong DESC
GO

PRINT N'======================================================'
PRINT N'   CSDL NHÀ THUỐC PHARMACY KHỞI TẠO THÀNH CÔNG!'
PRINT N'======================================================'
GO


-- ================================================================
-- 8. FIX LỖI ĐĂNG NHẬP KHÁCH HÀNG SỈ VÀ KIỂM TRA TÀI KHOẢN
-- ================================================================
PRINT N'--- ĐANG CHẠY SCRIPT FIX VÀ KIỂM TRA TÀI KHOẢN KHÁCH SỈ ---'
GO

-- ── 8.1 Gia hạn HĐ đã hết hạn (NGOẠI TRỪ các tài khoản được sinh ra để test Hết Hạn)
UPDATE KHACHHANGSI
SET    NGAYHETHAN      = DATEADD(YEAR, 2, GETDATE()),
       SOLANSIMATKHAU  = 0,                             
       TRANGTHAID      = N'HieuLuc'                 
WHERE  NGAYHETHAN < GETDATE()
  AND  TRANGTHAID  IN (N'HieuLuc', N'HetHan')
  -- BỎ QUA KH032, KH033 vì đây là dữ liệu CỐ TÌNH tạo hết hạn để test nghiệp vụ chặn đăng nhập
  AND  MAKH NOT IN ('KH032', 'KH033');      

-- ── 8.2 Riêng KH019 (TamNgung do công nợ): chỉ gia hạn HĐ, giữ TamNgung
UPDATE KHACHHANGSI
SET    NGAYHETHAN = DATEADD(YEAR, 2, GETDATE())
WHERE  MAKH = 'KH019'
  AND  TRANGTHAID = N'TamNgung';

-- ── 8.3 Kiểm tra kết quả tổng hợp
SELECT
    KS.MAKH,
    KH.HOTEN,
    KS.TENCONGTY,
    KS.TENDANGNHAP,
    KS.SOLANSIMATKHAU  AS SoLanSai,
    KS.TRANGTHAID,
    CONVERT(VARCHAR, KS.NGAYKYHD,   103) AS NgayKyHD,
    CONVERT(VARCHAR, KS.NGAYHETHAN, 103) AS NgayHetHan,
    CASE WHEN KS.NGAYHETHAN >= CAST(GETDATE() AS DATE) THEN N'✅ Còn hạn'
         ELSE N'❌ Hết hạn' END          AS TinhTrang
FROM  KHACHHANGSI KS
JOIN  KHACHHANG   KH ON KH.MAKH = KS.MAKH
ORDER BY KS.MAKH;

-- ── 8.4 Test đăng nhập thử với các Khách Hàng Sỉ mới thêm (Nghiệp vụ test Hết Hạn)
PRINT N'--- DANH SÁCH TÀI KHOẢN TEST CHO KHÁCH SỈ MỚI ---'
SELECT
    KS.TENDANGNHAP,
    KS.MATKHAU,
    KS.TRANGTHAID,
    CONVERT(VARCHAR, KS.NGAYHETHAN, 103) AS NgayHetHan,
    CASE WHEN KS.TRANGTHAID = N'HieuLuc' AND KS.NGAYHETHAN >= CAST(GETDATE() AS DATE) 
         THEN N'🟢 Login OK' 
         ELSE N'🔴 Login FAIL' END AS KetQuaLogin
FROM KHACHHANGSI KS
WHERE KS.MAKH IN ('KH031', 'KH032', 'KH033', 'KH034');
GO